date,tmed,tmax,tmin,hrmed,hrmax,hrmin,radmed,radmax,vvmed,vvmax,dvmed,prec,dewpt,dpv
2020-07-13 09:00:00,29.9,30.9,29.0,39.5,43.9,34.5,768.7,845.0,1.3,3.5,47.3,0.0,14.6,2.6
2020-07-13 10:00:00,31.6,32.8,30.8,36.0,39.9,32.2,887.5,929.0,1.4,4.3,44.7,0.0,14.7,3.0
2020-07-13 11:00:00,33.0,34.2,32.1,31.8,35.0,29.1,954.2,978.0,1.7,5.2,39.0,0.0,14.0,3.4
2020-07-13 12:00:00,33.4,33.9,32.7,29.4,32.4,25.4,965.5,974.0,1.9,5.0,61.1,0.0,13.1,3.6
2020-07-13 13:00:00,33.9,34.6,33.4,25.8,28.9,20.9,923.3,958.0,2.1,5.4,53.3,0.0,11.6,3.9
2020-07-13 14:00:00,33.1,33.9,32.3,29.5,32.3,26.9,824.0,883.0,2.4,6.0,58.9,0.0,12.9,3.6
2020-07-13 15:00:00,32.8,33.3,32.4,30.0,31.7,28.0,673.7,758.5,2.0,4.4,49.9,0.0,13.0,3.5
2020-07-13 16:00:00,32.4,33.1,31.7,29.9,33.2,27.4,486.4,582.3,1.6,4.9,75.8,0.0,12.6,3.4
2020-07-13 17:00:00,31.2,32.4,30.6,34.2,35.7,31.3,285.1,382.5,1.3,3.9,118.9,0.0,13.6,3.0
2020-07-13 18:00:00,29.4,30.8,28.2,40.1,43.9,35.3,93.8,184.8,1.6,4.0,63.3,0.0,14.4,2.5
2020-07-13 19:00:00,27.3,28.3,26.2,46.6,51.1,42.6,5.9,25.8,1.2,3.6,50.6,0.0,14.9,1.9
2020-07-13 20:00:00,25.9,26.4,25.4,56.4,60.2,51.0,0.0,0.0,1.0,2.9,61.8,0.0,16.5,1.5
2020-07-13 21:00:00,25.2,25.6,24.9,61.2,64.3,58.9,0.0,0.0,0.7,1.9,59.6,0.0,17.2,1.2
2020-07-13 22:00:00,24.6,25.1,24.0,65.6,67.4,64.0,0.0,0.0,0.4,1.5,78.0,0.0,17.8,1.1
2020-07-13 23:00:00,23.7,24.2,23.4,66.2,68.0,64.7,0.0,0.0,0.3,0.9,187.0,0.0,17.1,1.0
2020-07-14 00:00:00,23.4,23.7,22.9,70.3,73.4,67.9,0.0,0.0,0.2,0.9,218.2,0.0,17.7,0.9
2020-07-14 01:00:00,23.4,23.8,22.9,73.8,75.9,72.2,0.0,0.0,0.1,0.8,198.7,0.0,18.5,0.8
2020-07-14 02:00:00,23.4,23.6,23.1,75.5,76.7,74.6,0.0,0.0,0.1,0.7,212.9,0.0,18.8,0.7
2020-07-14 03:00:00,23.2,23.6,22.8,76.4,77.8,75.6,0.0,0.0,0.1,0.7,188.6,0.0,18.8,0.7
2020-07-14 04:00:00,22.8,23.5,22.4,76.2,78.3,75.2,0.5,6.5,0.1,0.7,192.8,0.0,18.4,0.7
2020-07-14 05:00:00,23.1,23.9,22.7,76.7,77.8,74.3,42.0,118.3,0.1,0.6,190.4,0.0,18.8,0.7
2020-07-14 06:00:00,25.1,26.1,23.8,68.0,74.2,62.9,216.2,318.3,0.4,1.3,300.3,0.0,18.8,1.0
2020-07-14 07:00:00,27.2,28.5,26.0,57.6,63.8,47.8,424.9,554.7,0.6,1.6,2.0,0.0,18.1,1.5
2020-07-14 08:00:00,28.8,29.4,28.0,47.3,50.5,44.5,543.6,694.3,0.8,2.6,84.7,0.0,16.5,2.1
2020-07-14 09:00:00,29.8,30.7,28.9,44.2,47.8,41.0,530.6,888.0,1.0,2.9,19.3,0.0,16.4,2.3
2020-07-14 10:00:00,27.7,29.1,23.9,50.6,75.3,44.9,61.6,172.0,0.9,3.0,31.4,3.0,16.3,1.9
2020-07-14 11:00:00,23.1,23.9,22.7,77.9,80.5,75.1,61.1,174.2,1.1,4.7,64.4,0.9,19.0,0.6
2020-07-14 12:00:00,24.5,26.7,23.4,74.6,80.7,63.0,345.2,705.4,0.5,1.7,27.3,0.0,19.7,0.8
2020-07-14 13:00:00,26.8,27.2,26.4,63.2,68.8,56.0,484.0,862.0,1.1,3.0,68.6,0.0,19.2,1.3
2020-07-14 14:00:00,28.0,29.6,27.1,53.2,59.7,44.5,664.3,869.0,1.1,3.6,109.9,0.0,17.6,1.8
2020-07-14 15:00:00,29.0,29.8,28.3,46.4,50.2,41.3,498.9,858.0,1.1,3.4,138.1,0.0,16.3,2.1
2020-07-14 16:00:00,27.6,28.4,26.6,52.2,56.2,46.4,98.0,234.3,0.9,2.6,59.8,0.0,16.9,1.8
2020-07-14 17:00:00,26.6,26.9,26.2,56.5,59.6,54.7,14.3,19.4,0.6,2.3,84.2,0.0,17.3,1.5
2020-07-14 18:00:00,25.4,26.4,24.6,62.8,69.5,58.2,4.8,8.6,1.7,8.0,151.3,0.1,17.8,1.2
2020-07-14 19:00:00,24.5,25.1,24.0,70.9,75.4,64.4,1.2,6.5,1.4,3.9,45.8,0.0,18.9,0.9
2020-07-14 20:00:00,23.7,24.2,23.3,76.2,79.4,73.0,0.0,0.0,0.5,2.1,43.4,0.0,19.3,0.7
2020-07-14 21:00:00,23.4,23.6,23.2,78.6,79.2,77.5,0.0,0.0,0.5,2.0,188.5,0.0,19.5,0.6
2020-07-14 22:00:00,23.4,24.2,22.9,72.3,78.2,64.3,0.0,0.0,0.8,3.5,125.5,0.0,18.1,0.8
2020-07-14 23:00:00,23.7,24.2,22.9,69.6,73.7,64.8,0.0,0.0,0.5,2.9,347.8,0.0,17.8,0.9
2020-07-15 00:00:00,22.4,23.0,22.0,77.2,79.7,73.6,0.0,0.0,0.2,1.2,131.1,0.0,18.2,0.6
2020-07-15 01:00:00,21.6,22.1,21.1,80.5,81.0,79.6,0.0,0.0,0.3,1.2,183.8,0.0,18.1,0.5
2020-07-15 02:00:00,21.1,21.3,20.9,81.4,81.8,80.6,0.0,0.0,0.3,1.1,192.0,0.0,17.8,0.5
2020-07-15 03:00:00,20.8,21.0,20.5,83.0,84.1,81.6,0.0,0.0,0.3,1.0,193.5,0.0,17.8,0.4
2020-07-15 04:00:00,20.6,20.9,20.5,83.9,84.5,83.3,0.6,6.5,0.3,1.1,187.5,0.0,17.8,0.4
2020-07-15 05:00:00,20.9,21.7,20.5,84.2,84.9,82.4,41.1,109.7,0.1,0.7,184.2,0.0,18.2,0.4
2020-07-15 06:00:00,22.5,23.8,21.7,78.4,82.6,72.5,159.6,365.7,0.4,1.5,270.9,0.0,18.5,0.6
2020-07-15 07:00:00,24.5,25.2,23.4,67.7,72.7,63.8,329.6,531.2,0.4,1.8,3.0,0.0,18.2,1.0
2020-07-15 08:00:00,26.5,27.9,24.5,59.7,66.5,53.5,562.6,808.0,0.6,2.5,31.3,0.0,18.0,1.4
2020-07-15 09:00:00,28.0,29.2,27.1,53.4,56.9,48.3,595.2,1030.0,1.2,3.2,32.3,0.0,17.7,1.8
2020-07-15 10:00:00,29.0,30.5,27.8,45.9,51.8,36.2,715.4,1159.0,1.5,3.8,48.3,0.0,16.1,2.2
2020-07-15 11:00:00,30.5,31.1,30.0,37.6,41.5,33.3,951.0,1079.0,1.6,4.2,59.1,0.0,14.4,2.7
2020-07-15 12:00:00,30.9,31.8,30.0,37.7,42.5,32.9,912.8,1113.0,1.9,5.3,56.9,0.0,14.7,2.8
2020-07-15 13:00:00,31.3,32.0,30.7,33.5,37.1,30.0,935.2,969.0,2.0,5.3,54.7,0.0,13.4,3.0
2020-07-15 14:00:00,32.0,32.7,31.5,30.0,33.7,27.4,834.6,894.0,1.9,4.5,57.1,0.0,12.3,3.3
2020-07-15 15:00:00,31.9,32.5,31.6,29.2,30.9,27.0,699.5,769.3,1.8,4.8,78.5,0.0,11.8,3.3
2020-07-15 16:00:00,31.2,32.3,30.2,31.9,36.2,28.4,515.0,644.6,1.7,4.3,94.3,0.0,12.5,3.1
2020-07-15 17:00:00,29.6,30.3,29.1,36.5,38.8,34.9,294.5,395.4,1.4,4.4,101.9,0.0,13.2,2.6
2020-07-15 18:00:00,28.1,29.5,27.0,39.0,42.5,35.1,105.3,195.6,1.3,4.0,113.3,0.0,12.8,2.3
2020-07-15 19:00:00,26.1,27.0,25.2,46.6,54.7,41.5,5.2,28.0,0.9,3.1,124.8,0.0,13.7,1.8
2020-07-15 20:00:00,24.7,25.3,24.4,57.1,60.3,54.7,0.0,0.0,0.6,2.3,94.0,0.0,15.7,1.3
2020-07-15 21:00:00,24.0,24.4,23.6,65.0,68.8,60.2,0.0,0.0,0.7,2.2,73.9,0.0,17.0,1.0
2020-07-15 22:00:00,22.9,23.8,22.4,69.5,71.9,67.2,0.0,0.0,0.4,1.8,180.4,0.0,17.0,0.9
2020-07-15 23:00:00,22.1,22.6,21.8,73.4,75.5,71.7,0.0,0.0,0.6,1.3,194.0,0.0,17.1,0.7
2020-07-16 00:00:00,21.7,22.0,21.2,76.9,78.7,75.4,0.0,0.0,0.2,1.0,193.9,0.0,17.5,0.6
2020-07-16 01:00:00,21.1,21.4,21.0,80.5,81.6,78.6,0.0,0.0,0.3,0.8,191.4,0.0,17.7,0.5
2020-07-16 02:00:00,21.2,21.4,21.1,81.5,82.1,80.9,0.0,0.0,0.3,1.0,183.7,0.0,18.0,0.5
2020-07-16 03:00:00,21.5,21.7,21.3,79.6,80.9,78.3,0.0,0.0,0.4,1.1,182.3,0.0,17.8,0.5
2020-07-16 04:00:00,21.1,21.8,20.7,79.8,81.2,77.7,0.5,6.5,0.3,1.3,191.3,0.0,17.5,0.5
2020-07-16 05:00:00,21.2,22.0,20.5,79.9,81.9,76.4,54.8,124.8,0.1,0.9,349.7,0.0,17.6,0.5
2020-07-16 06:00:00,22.9,24.4,21.7,72.3,77.1,66.5,221.7,324.8,0.5,1.3,353.3,0.0,17.7,0.8
2020-07-16 07:00:00,25.3,26.3,24.3,61.2,67.0,58.1,429.0,528.9,0.6,1.6,347.5,0.0,17.3,1.3
2020-07-16 08:00:00,27.2,28.9,25.4,51.4,60.7,40.4,622.2,707.2,0.6,2.2,39.9,0.0,16.3,1.8
2020-07-16 09:00:00,29.5,30.7,28.2,37.5,43.9,32.4,778.9,847.0,1.1,3.0,31.3,0.0,13.5,2.6
2020-07-16 10:00:00,30.7,31.4,29.7,34.0,38.9,30.8,901.2,941.0,1.6,4.4,45.7,0.0,13.0,2.9
2020-07-16 11:00:00,31.5,32.7,30.7,33.5,37.7,30.6,975.0,1012.0,1.9,4.7,54.1,0.0,13.5,3.1
2020-07-16 12:00:00,32.2,33.1,31.5,32.0,33.9,29.5,985.8,1062.0,2.1,4.8,49.8,0.0,13.4,3.3
2020-07-16 13:00:00,31.9,32.8,31.2,31.4,33.3,29.4,862.7,989.0,2.2,5.4,56.3,0.0,12.9,3.2
2020-07-16 14:00:00,32.1,33.0,31.3,29.7,31.9,27.3,805.9,918.0,2.0,4.7,54.1,0.0,12.2,3.4
2020-07-16 15:00:00,31.8,33.1,30.9,31.5,35.0,26.9,656.8,808.0,2.1,5.1,51.4,0.0,12.8,3.2
2020-07-16 16:00:00,30.7,31.4,29.7,37.5,40.7,34.0,501.7,614.6,1.6,4.9,88.7,0.0,14.5,2.8
2020-07-16 17:00:00,29.3,30.2,28.6,40.1,42.5,38.2,298.8,401.9,1.4,4.1,106.5,0.0,14.4,2.4
2020-07-16 18:00:00,27.9,28.8,26.9,43.2,47.1,40.3,108.9,197.8,1.1,3.5,101.4,0.0,14.3,2.1
2020-07-16 19:00:00,25.8,27.0,24.9,53.6,58.7,47.1,5.0,30.1,1.1,3.5,110.4,0.0,15.6,1.5
2020-07-16 20:00:00,24.5,25.0,24.1,61.7,64.7,58.8,0.0,0.0,0.9,2.5,94.4,0.0,16.7,1.2
2020-07-16 21:00:00,23.8,24.2,23.6,66.2,67.6,64.7,0.0,0.0,0.5,1.8,115.4,0.0,17.2,1.0
2020-07-16 22:00:00,23.2,23.8,22.4,68.6,69.4,67.2,0.0,0.0,0.4,1.6,149.3,0.0,17.2,0.9
2020-07-16 23:00:00,22.1,22.6,21.7,70.0,71.3,68.9,0.0,0.0,0.5,1.2,183.1,0.0,16.4,0.8
2020-07-17 00:00:00,21.6,21.9,21.3,71.9,73.5,70.8,0.0,0.0,0.5,1.1,189.3,0.0,16.3,0.7
2020-07-17 01:00:00,21.2,21.6,20.9,74.4,75.6,73.4,0.0,0.0,0.4,1.0,194.1,0.0,16.5,0.6
2020-07-17 02:00:00,20.8,21.2,20.4,76.4,78.1,74.1,0.0,0.0,0.3,1.0,192.3,0.0,16.5,0.6
2020-07-17 03:00:00,20.4,20.7,20.1,78.6,79.7,77.7,0.0,0.0,0.4,0.8,190.8,0.0,16.6,0.5
2020-07-17 04:00:00,20.2,20.4,20.0,79.1,79.8,78.5,0.3,4.3,0.4,1.2,191.2,0.0,16.5,0.5
2020-07-17 05:00:00,20.7,22.2,20.1,78.3,79.7,74.4,50.1,124.8,0.2,1.0,182.0,0.0,16.8,0.5
2020-07-17 06:00:00,23.4,24.7,22.1,69.3,74.4,66.1,220.7,326.9,0.4,1.2,5.4,0.0,17.4,0.9
2020-07-17 07:00:00,25.5,26.4,24.5,63.0,67.5,58.5,423.8,526.8,0.5,1.6,2.0,0.0,17.9,1.2
2020-07-17 08:00:00,27.8,29.3,26.4,52.2,59.7,45.1,616.0,711.5,0.7,2.9,19.3,0.0,17.1,1.8
2020-07-17 09:00:00,29.9,31.0,29.2,40.5,48.3,32.9,764.0,875.0,1.2,3.4,65.3,0.0,14.9,2.5
2020-07-17 10:00:00,30.9,31.6,30.3,34.0,36.4,32.3,889.7,946.0,1.3,4.0,98.5,0.0,13.2,3.0
2020-07-17 11:00:00,31.2,32.2,30.7,33.8,36.1,31.2,961.8,1004.0,1.7,4.9,103.0,0.0,13.4,3.0
2020-07-17 12:00:00,31.3,32.1,30.8,33.9,37.7,31.8,1002.7,1055.0,1.8,5.4,141.1,0.0,13.6,3.0
2020-07-17 13:00:00,31.9,32.8,31.2,33.3,35.2,31.1,942.3,1038.0,1.7,5.1,124.1,0.0,13.8,3.2
2020-07-17 14:00:00,31.2,32.0,30.1,35.6,41.2,33.0,795.9,900.0,2.2,5.3,131.1,0.0,14.2,2.9
2020-07-17 15:00:00,30.3,31.1,29.7,40.9,43.1,39.0,681.9,771.5,2.2,6.1,124.2,0.0,15.6,2.6
2020-07-17 16:00:00,29.6,30.1,29.0,43.5,45.4,42.0,481.4,595.3,1.9,4.9,129.3,0.0,15.9,2.3
2020-07-17 17:00:00,28.4,29.1,27.9,48.2,49.9,45.4,238.5,376.2,1.7,5.1,122.3,0.0,16.4,2.0
2020-07-17 18:00:00,26.9,28.1,26.0,54.5,59.1,49.5,77.2,206.3,1.8,4.8,115.7,0.0,17.0,1.6
2020-07-17 19:00:00,25.6,26.1,24.9,61.2,63.7,58.9,5.2,23.7,1.1,3.8,129.2,0.0,17.5,1.3
2020-07-17 20:00:00,24.6,25.1,24.2,65.3,67.4,63.5,0.0,0.0,0.9,2.8,110.4,0.0,17.7,1.1
2020-07-17 21:00:00,23.9,24.3,23.6,68.0,70.3,66.4,0.0,0.0,0.8,2.4,63.5,0.0,17.6,0.9
2020-07-17 22:00:00,23.5,23.8,23.3,70.6,71.6,69.5,0.0,0.0,0.6,2.6,88.0,0.0,17.9,0.9
2020-07-17 23:00:00,23.2,23.5,22.9,72.3,73.0,71.4,0.0,0.0,0.3,1.4,103.3,0.0,17.9,0.8
2020-07-18 00:00:00,22.5,23.0,22.0,74.0,76.4,72.9,0.0,0.0,0.1,0.6,147.1,0.0,17.7,0.7
2020-07-18 01:00:00,22.2,22.4,21.9,76.0,76.9,75.3,0.0,0.0,0.2,0.8,162.4,0.0,17.8,0.6
2020-07-18 02:00:00,21.8,22.0,21.6,77.0,77.8,75.8,0.0,0.0,0.2,1.0,203.0,0.0,17.6,0.6
2020-07-18 03:00:00,21.4,21.7,21.1,78.8,79.8,77.5,0.0,0.0,0.3,0.8,192.6,0.0,17.5,0.5
2020-07-18 04:00:00,21.5,21.8,21.1,79.0,80.1,78.1,0.4,4.3,0.2,0.9,190.6,0.0,17.7,0.5
2020-07-18 05:00:00,22.0,23.0,21.6,77.5,78.3,74.8,44.2,135.5,0.3,0.9,190.6,0.0,17.9,0.6
2020-07-18 06:00:00,23.7,24.9,22.9,71.9,74.9,67.2,169.9,339.9,0.4,1.8,320.1,0.0,18.3,0.8
2020-07-18 07:00:00,25.4,26.5,24.6,64.7,68.8,57.0,338.7,636.5,0.6,2.6,10.1,0.0,18.2,1.1
2020-07-18 08:00:00,26.1,27.7,25.4,59.0,61.4,53.9,354.5,830.0,0.9,2.6,50.5,0.0,17.4,1.4
2020-07-18 09:00:00,27.8,28.7,26.7,52.0,56.1,48.3,480.3,1118.0,1.0,3.2,43.8,0.0,17.1,1.8
2020-07-18 10:00:00,29.4,30.8,28.4,46.9,51.5,43.1,603.6,1197.0,1.2,3.9,49.6,0.0,16.9,2.2
2020-07-18 11:00:00,30.8,32.0,29.2,39.7,48.5,33.4,853.0,1214.0,1.5,5.0,66.0,0.0,15.5,2.7
2020-07-18 12:00:00,31.6,32.4,30.9,33.1,36.1,31.2,984.7,1073.0,1.5,4.0,117.6,0.0,13.4,3.1
2020-07-18 13:00:00,31.6,32.4,31.1,33.9,36.3,31.2,938.0,972.0,1.7,4.2,113.6,0.0,13.8,3.1
2020-07-18 14:00:00,31.3,32.1,30.6,36.6,39.7,34.2,834.2,898.0,2.0,5.9,118.0,0.0,14.7,2.9
2020-07-18 15:00:00,30.6,31.2,30.0,39.9,41.9,37.9,681.5,765.0,2.1,5.1,116.3,0.0,15.4,2.6
2020-07-18 16:00:00,30.0,30.7,29.5,40.3,42.0,38.6,489.5,591.0,1.9,5.0,115.2,0.0,15.0,2.5
2020-07-18 17:00:00,29.2,30.1,28.3,41.7,44.6,39.7,288.3,389.1,1.6,4.6,123.4,0.0,14.8,2.4
2020-07-18 18:00:00,27.7,28.6,26.6,49.3,54.2,44.0,99.5,184.9,1.5,4.0,114.7,0.0,16.1,1.9
2020-07-18 19:00:00,26.0,26.8,25.5,56.2,58.0,54.0,5.2,28.0,1.1,3.9,138.3,0.0,16.6,1.5
2020-07-18 20:00:00,25.1,25.6,24.4,58.9,61.6,56.3,0.0,0.0,0.8,2.7,40.9,0.0,16.5,1.3
2020-07-18 21:00:00,24.9,25.5,24.1,59.2,62.6,56.6,0.0,0.0,0.4,2.4,198.6,0.0,16.4,1.3
2020-07-18 22:00:00,23.9,24.3,23.5,64.9,67.1,61.9,0.0,0.0,0.1,0.9,182.0,0.0,16.9,1.0
2020-07-18 23:00:00,23.0,23.6,22.5,68.5,70.4,66.1,0.0,0.0,0.2,1.1,182.7,0.0,16.9,0.9
2020-07-19 00:00:00,22.4,22.8,21.8,72.0,75.5,70.1,0.0,0.0,0.2,1.1,170.8,0.0,17.1,0.8
2020-07-19 01:00:00,21.9,22.2,21.6,76.1,77.0,75.0,0.0,0.0,0.1,0.8,174.6,0.0,17.5,0.6
2020-07-19 02:00:00,21.4,21.7,21.2,77.0,78.1,76.2,0.0,0.0,0.2,0.8,191.5,0.0,17.2,0.6
2020-07-19 03:00:00,21.0,21.3,20.7,76.6,77.7,76.1,0.0,0.0,0.5,1.0,191.3,0.0,16.8,0.6
2020-07-19 04:00:00,20.8,21.0,20.5,78.4,79.4,77.6,0.3,4.3,0.3,1.1,184.4,0.0,16.9,0.5
2020-07-19 05:00:00,21.1,22.8,20.4,78.0,79.7,73.0,50.4,118.3,0.1,0.8,184.6,0.0,17.1,0.6
2020-07-19 06:00:00,23.8,25.1,22.7,68.9,73.0,63.9,213.6,311.8,0.3,1.1,12.7,0.0,17.7,0.9
2020-07-19 07:00:00,25.8,27.0,25.0,62.0,65.6,57.0,416.1,520.3,0.5,1.5,47.7,0.0,18.0,1.3
2020-07-19 08:00:00,27.8,29.4,27.0,53.6,57.8,47.0,610.4,698.6,0.7,2.0,47.6,0.0,17.5,1.7
2020-07-19 09:00:00,30.4,31.7,29.3,41.2,47.7,29.6,772.5,845.0,0.9,2.3,43.8,0.0,15.7,2.6
2020-07-19 10:00:00,31.6,32.4,30.9,31.8,34.6,30.2,890.7,929.0,1.2,3.4,133.5,0.0,12.8,3.2
2020-07-19 11:00:00,32.6,33.2,31.7,30.8,33.0,28.7,954.7,974.0,1.4,4.2,187.1,0.0,13.1,3.4
2020-07-19 12:00:00,33.6,34.2,32.8,30.7,33.8,27.8,965.2,978.0,1.4,4.8,157.3,0.0,14.0,3.6
2020-07-19 13:00:00,33.7,34.4,33.0,30.8,34.0,27.2,920.7,954.0,1.7,4.7,145.9,0.0,14.1,3.6
2020-07-19 14:00:00,33.8,34.6,33.1,28.4,30.0,26.9,824.0,881.0,2.0,5.0,150.8,0.0,13.0,3.8
2020-07-19 15:00:00,33.0,34.3,32.1,30.3,32.8,28.0,673.4,754.2,2.3,6.4,160.3,0.0,13.3,3.5
2020-07-19 16:00:00,32.0,32.7,31.1,30.3,33.0,28.7,486.5,584.5,2.5,6.9,159.7,0.0,12.4,3.3
2020-07-19 17:00:00,31.1,31.6,30.3,29.1,32.0,27.6,270.9,384.7,1.9,5.4,148.2,0.0,11.0,3.2
2020-07-19 18:00:00,29.2,30.3,28.5,40.2,45.5,31.4,59.5,163.4,1.3,4.8,168.6,0.0,14.3,2.4
2020-07-19 19:00:00,27.8,28.8,26.8,48.7,56.3,42.4,2.1,12.9,0.5,2.2,71.6,0.0,16.0,1.9
2020-07-19 20:00:00,25.8,26.9,24.9,61.5,65.0,56.4,0.0,0.0,0.6,2.7,29.3,0.0,17.8,1.3
2020-07-19 21:00:00,24.5,25.0,23.9,66.6,69.5,64.1,0.0,0.0,0.1,0.8,297.1,0.0,17.9,1.0
2020-07-19 22:00:00,24.1,24.5,23.8,69.7,71.1,68.0,0.0,0.0,0.1,1.0,352.1,0.0,18.2,0.9
2020-07-19 23:00:00,23.9,24.0,23.6,71.5,72.0,70.9,0.0,0.0,0.1,0.7,355.4,0.0,18.4,0.8
2020-07-20 00:00:00,24.4,25.0,23.6,69.3,72.6,66.4,0.0,0.0,0.7,3.7,234.0,0.0,18.5,0.9
2020-07-20 01:00:00,24.2,24.8,23.5,69.7,71.7,67.5,0.0,0.0,0.3,1.3,34.6,0.0,18.3,0.9
2020-07-20 02:00:00,23.8,24.1,23.4,70.4,72.1,68.0,0.0,0.0,0.3,1.1,150.3,0.0,18.1,0.9
2020-07-20 03:00:00,23.0,23.6,22.7,74.4,77.0,71.9,0.0,0.0,0.1,0.7,193.0,0.0,18.2,0.7
2020-07-20 04:00:00,22.2,22.8,21.7,72.3,73.3,71.3,0.1,2.2,0.4,1.2,183.9,0.0,17.0,0.7
2020-07-20 05:00:00,21.9,22.7,21.6,69.9,72.1,67.7,27.7,109.7,0.4,1.4,180.3,0.0,16.2,0.8
2020-07-20 06:00:00,24.6,25.8,22.6,65.5,67.7,62.8,201.7,298.9,0.3,1.5,255.8,0.0,17.7,1.1
2020-07-20 07:00:00,26.8,27.4,25.8,60.5,64.3,57.4,402.9,505.3,0.5,1.8,356.7,0.0,18.5,1.4
2020-07-20 08:00:00,28.8,30.3,27.4,51.0,57.8,47.0,600.5,683.5,0.7,2.7,19.8,0.0,17.6,1.9
2020-07-20 09:00:00,31.0,32.3,29.6,43.0,49.3,35.8,764.0,836.0,1.2,3.3,29.0,0.0,16.9,2.6
2020-07-20 10:00:00,33.3,34.4,32.2,33.5,38.0,30.7,887.5,928.0,1.6,4.2,21.8,0.0,15.1,3.4
2020-07-20 11:00:00,34.0,34.6,33.3,33.8,37.3,30.9,948.0,963.0,2.1,4.8,42.2,0.0,15.8,3.5
2020-07-20 12:00:00,34.3,34.9,33.5,31.4,34.2,28.4,963.5,969.0,1.9,4.5,81.1,0.0,14.9,3.7
2020-07-20 13:00:00,34.1,34.7,33.6,29.6,32.5,27.9,921.3,954.0,1.9,5.1,105.5,0.0,13.8,3.8
2020-07-20 14:00:00,34.1,35.0,33.6,28.5,30.2,26.8,818.5,879.0,1.7,5.0,125.1,0.0,13.3,3.8
2020-07-20 15:00:00,33.9,34.6,33.3,27.9,29.6,26.3,669.2,752.1,1.6,5.1,106.8,0.0,12.8,3.8
2020-07-20 16:00:00,33.0,33.6,32.2,29.8,31.4,27.9,484.0,580.1,1.6,4.4,89.6,0.0,13.0,3.5
2020-07-20 17:00:00,31.8,32.9,30.5,30.4,33.4,28.5,275.9,382.5,1.5,3.6,54.3,0.0,12.3,3.3
2020-07-20 18:00:00,28.9,30.6,27.4,41.2,51.6,33.0,61.9,169.8,1.7,5.7,55.7,0.0,14.3,2.4
2020-07-20 19:00:00,26.6,27.5,26.1,49.9,53.4,44.4,4.9,25.8,1.8,4.5,62.0,0.0,15.3,1.7
2020-07-20 20:00:00,25.8,26.3,25.4,51.6,55.4,45.0,0.0,0.0,1.7,4.3,70.7,0.0,15.1,1.6
2020-07-20 21:00:00,25.2,25.6,24.7,60.3,68.0,51.0,0.0,0.0,1.3,3.0,68.6,0.0,16.9,1.3
2020-07-20 22:00:00,24.1,24.8,23.2,72.5,76.0,67.4,0.0,0.0,0.6,3.2,11.6,0.0,18.8,0.8
2020-07-20 23:00:00,23.2,23.4,23.0,73.9,77.0,71.9,0.0,0.0,0.3,1.1,197.5,0.0,18.3,0.7
2020-07-21 00:00:00,22.8,23.1,22.6,75.2,76.9,73.0,0.0,0.0,0.5,1.2,190.8,0.0,18.2,0.7
2020-07-21 01:00:00,23.0,23.5,22.3,76.6,77.4,75.0,0.0,0.0,0.1,0.7,148.8,0.0,18.6,0.7
2020-07-21 02:00:00,22.1,22.4,21.8,78.8,80.0,76.8,0.0,0.0,0.1,0.8,157.3,0.0,18.3,0.6
2020-07-21 03:00:00,22.5,22.7,22.2,77.3,79.6,76.4,0.0,0.0,0.5,1.5,193.3,0.0,18.3,0.6
2020-07-21 04:00:00,21.7,22.3,21.2,78.8,79.9,77.1,0.2,2.2,0.3,1.1,188.4,0.0,17.9,0.6
2020-07-21 05:00:00,21.5,23.2,20.9,79.5,81.4,72.6,49.1,118.3,0.2,1.0,175.5,0.0,17.9,0.5
2020-07-21 06:00:00,23.8,25.0,23.1,66.1,72.7,60.9,214.8,318.3,0.4,1.1,352.6,0.0,17.1,1.0
2020-07-21 07:00:00,26.0,27.3,24.9,57.3,62.5,51.6,420.9,522.5,0.5,1.8,329.2,0.0,16.9,1.4
2020-07-21 08:00:00,28.3,29.3,27.2,50.2,53.6,46.6,611.9,696.4,0.8,2.4,12.4,0.0,17.0,1.9
2020-07-21 09:00:00,30.2,31.0,28.9,41.4,49.1,31.8,774.1,845.0,1.5,4.2,49.3,0.0,15.5,2.5
2020-07-21 10:00:00,31.3,32.1,30.7,37.7,41.0,33.1,889.7,935.0,1.9,4.9,59.7,0.0,15.2,2.9
2020-07-21 11:00:00,31.7,32.5,30.9,35.3,40.2,30.8,956.0,976.0,2.1,5.4,69.8,0.0,14.5,3.0
2020-07-21 12:00:00,32.6,33.1,31.8,28.0,34.5,23.8,972.3,982.0,2.4,5.5,68.3,0.0,11.7,3.5
2020-07-21 13:00:00,33.0,33.7,32.5,25.5,28.1,22.1,937.7,965.0,2.5,5.2,65.1,0.0,10.6,3.8
2020-07-21 14:00:00,33.1,33.8,32.6,22.2,24.7,17.3,824.2,890.0,2.5,6.2,61.7,0.0,8.6,3.9
2020-07-21 15:00:00,32.8,33.4,32.3,21.8,24.9,17.8,674.9,756.4,2.4,5.8,70.3,0.0,8.1,3.9
2020-07-21 16:00:00,32.4,33.0,31.7,24.9,31.3,20.2,488.2,580.2,2.1,5.2,55.9,0.0,9.7,3.6
2020-07-21 17:00:00,30.2,31.7,29.1,35.6,41.5,29.3,284.1,386.8,2.3,5.8,55.2,0.0,13.2,2.8
2020-07-21 18:00:00,28.1,29.3,27.1,46.7,52.1,38.7,85.8,178.4,1.7,4.0,59.4,0.0,15.6,2.0
2020-07-21 19:00:00,26.6,27.2,25.9,56.7,60.9,51.6,4.2,23.7,1.2,3.5,66.2,0.0,17.2,1.5
2020-07-21 20:00:00,25.6,26.1,24.9,61.0,64.8,53.6,0.0,0.0,0.7,3.6,40.2,0.0,17.5,1.3
2020-07-21 21:00:00,26.3,26.5,26.0,52.4,54.2,51.2,0.0,0.0,1.0,3.3,68.5,0.0,15.8,1.6
2020-07-21 22:00:00,25.9,26.3,25.5,56.5,59.7,52.0,0.0,0.0,0.5,2.3,106.5,0.0,16.6,1.5
2020-07-21 23:00:00,25.2,25.7,24.3,62.5,66.2,59.1,0.0,0.0,0.4,1.9,105.2,0.0,17.5,1.2
2020-07-22 00:00:00,24.3,24.9,23.7,71.0,73.9,65.8,0.0,0.0,0.4,1.9,1.7,0.0,18.7,0.9
2020-07-22 01:00:00,23.8,24.0,23.5,74.3,75.6,72.6,0.0,0.0,0.3,1.3,167.5,0.0,18.9,0.8
2020-07-22 02:00:00,23.4,23.7,23.2,73.2,74.2,71.7,0.0,0.0,0.4,1.9,179.8,0.0,18.4,0.8
2020-07-22 03:00:00,23.1,23.6,22.2,69.1,71.8,66.5,0.0,0.0,0.4,1.8,184.9,0.0,17.1,0.9
2020-07-22 04:00:00,22.3,22.6,22.0,70.3,71.9,68.4,0.0,2.2,0.4,1.3,182.9,0.0,16.7,0.8
2020-07-22 05:00:00,22.3,23.4,21.9,67.9,69.0,64.4,43.7,122.6,0.2,1.0,205.9,0.0,16.1,0.9
2020-07-22 06:00:00,24.7,25.4,23.3,58.9,64.5,55.4,124.8,206.5,0.5,1.5,272.3,0.0,16.1,1.3
2020-07-22 07:00:00,26.4,27.6,24.8,53.3,59.7,45.9,311.5,576.3,0.6,2.7,26.6,0.0,16.1,1.6
2020-07-22 08:00:00,29.1,30.5,27.1,42.5,48.3,38.3,585.4,683.5,0.7,2.9,40.7,0.0,15.0,2.3
2020-07-22 09:00:00,31.0,32.2,29.8,35.7,41.6,31.7,758.2,821.0,1.4,4.3,52.4,0.0,14.0,2.9
2020-07-22 10:00:00,32.2,32.8,31.5,32.3,34.3,30.3,873.8,918.0,1.8,4.8,55.1,0.0,13.5,3.2
2020-07-22 11:00:00,32.5,33.0,32.0,33.0,34.7,31.3,937.8,959.0,2.1,6.0,67.9,0.0,14.1,3.3
2020-07-22 12:00:00,32.3,33.0,31.7,34.2,35.7,32.7,953.5,969.0,2.5,6.6,64.9,0.0,14.5,3.2
2020-07-22 13:00:00,32.2,32.7,31.6,34.1,36.5,32.4,906.5,948.0,2.5,5.4,68.3,0.0,14.4,3.2
2020-07-22 14:00:00,31.8,32.3,31.1,34.4,36.9,32.9,809.6,864.0,2.6,6.4,63.2,0.0,14.2,3.1
2020-07-22 15:00:00,31.3,32.0,30.6,34.9,37.6,32.9,669.0,754.3,2.4,5.8,70.5,0.0,14.0,3.0
2020-07-22 16:00:00,30.8,31.5,30.2,36.0,39.6,32.3,479.5,582.3,1.9,6.1,69.2,0.0,14.0,2.9
2020-07-22 17:00:00,29.6,30.6,28.8,40.5,43.1,37.4,276.0,378.2,2.1,5.2,68.9,0.0,14.8,2.5
2020-07-22 18:00:00,28.3,29.0,27.5,44.8,48.0,42.5,88.8,176.3,1.5,3.4,69.4,0.0,15.1,2.1
2020-07-22 19:00:00,27.0,27.5,26.6,49.5,50.1,48.0,3.7,21.5,1.1,3.5,68.5,0.0,15.5,1.8
2020-07-22 20:00:00,26.5,26.7,26.1,49.2,50.1,47.7,0.0,0.0,0.9,3.3,72.5,0.0,15.0,1.8
2020-07-22 21:00:00,26.2,26.5,25.5,50.5,54.1,48.4,0.0,0.0,0.8,2.1,64.4,0.0,15.1,1.7
2020-07-22 22:00:00,24.7,25.7,23.9,56.4,58.8,53.5,0.0,0.0,0.5,1.4,167.7,0.0,15.4,1.4
2020-07-22 23:00:00,23.7,24.1,23.4,60.1,61.5,58.7,0.0,0.0,0.4,1.4,181.5,0.0,15.6,1.2
2020-07-23 00:00:00,22.9,23.6,22.5,63.5,64.6,61.0,0.0,0.0,0.3,0.8,171.6,0.0,15.6,1.0
2020-07-23 01:00:00,22.2,22.7,21.8,65.5,66.2,64.3,0.0,0.0,0.3,0.7,194.0,0.0,15.4,0.9
2020-07-23 02:00:00,21.9,22.2,21.6,65.4,66.2,64.9,0.0,0.0,0.4,1.3,185.1,0.0,15.2,0.9
2020-07-23 03:00:00,21.7,22.0,21.3,63.8,65.3,62.8,0.0,0.0,0.4,1.0,189.7,0.0,14.6,0.9
2020-07-23 04:00:00,21.2,21.5,20.9,64.8,65.5,64.1,0.1,2.2,0.5,1.1,191.9,0.0,14.3,0.9
2020-07-23 05:00:00,21.4,22.8,20.7,65.6,68.4,61.5,44.5,111.9,0.1,0.9,49.0,0.0,14.7,0.9
2020-07-23 06:00:00,24.5,25.8,22.8,55.1,61.6,49.2,206.7,307.5,0.2,0.9,45.5,0.0,14.8,1.4
2020-07-23 07:00:00,27.0,28.4,25.4,44.7,51.0,39.5,411.9,511.7,0.4,1.7,314.0,0.0,13.9,2.0
2020-07-23 08:00:00,29.2,30.5,28.0,36.2,41.2,32.1,606.9,692.1,0.6,1.9,326.7,0.0,12.7,2.6
2020-07-23 09:00:00,31.1,32.8,29.9,31.6,34.2,29.3,771.7,840.0,0.7,2.1,13.6,0.0,12.3,3.1
2020-07-23 10:00:00,33.2,34.6,32.2,29.9,32.3,27.4,886.3,928.0,0.9,3.3,36.8,0.0,13.2,3.6
2020-07-23 11:00:00,34.4,35.2,33.7,27.9,30.0,26.1,944.5,958.0,1.4,3.8,84.4,0.0,13.2,3.9
2020-07-23 12:00:00,35.5,36.6,34.4,24.9,27.9,21.8,955.5,963.0,1.1,4.5,50.9,0.0,12.4,4.3
2020-07-23 13:00:00,36.6,37.7,35.5,22.8,26.3,20.4,905.7,948.0,1.1,3.7,35.7,0.0,12.0,4.7
2020-07-23 14:00:00,35.8,36.8,34.7,26.6,28.7,24.0,803.6,857.0,1.8,5.2,144.2,0.0,13.6,4.3
2020-07-23 15:00:00,34.8,35.4,34.2,24.7,28.8,21.0,666.1,743.3,2.0,5.0,162.8,0.0,11.6,4.2
2020-07-23 16:00:00,34.1,35.0,33.1,22.9,28.7,19.3,480.0,580.1,2.1,6.3,158.5,0.0,9.9,4.1
2020-07-23 17:00:00,32.9,33.6,32.3,32.1,34.6,26.6,275.1,378.2,1.5,4.8,154.7,0.0,14.0,3.4
2020-07-23 18:00:00,31.3,32.4,30.3,37.6,39.0,34.5,87.3,174.1,1.3,4.1,142.6,0.0,15.2,2.9
2020-07-23 19:00:00,29.7,30.4,29.0,39.0,39.5,38.6,3.3,21.5,1.3,4.0,144.9,0.0,14.2,2.5
2020-07-23 20:00:00,28.7,29.1,28.0,41.8,44.4,39.5,0.0,0.0,1.4,5.2,188.3,0.0,14.5,2.3
2020-07-23 21:00:00,27.0,28.1,25.7,45.8,49.1,43.4,0.0,0.0,0.4,1.7,357.9,0.0,14.4,1.9
2020-07-23 22:00:00,25.1,25.8,24.6,55.2,59.7,49.1,0.0,0.0,0.4,2.3,43.5,0.0,15.5,1.4
2020-07-23 23:00:00,24.4,24.7,24.1,59.0,62.5,57.8,0.0,0.0,0.3,1.5,250.3,0.0,15.9,1.3
2020-07-24 00:00:00,23.8,24.3,23.4,59.4,62.9,58.1,0.0,0.0,0.4,1.4,178.5,0.0,15.4,1.2
2020-07-24 01:00:00,23.5,23.8,22.8,61.3,63.7,59.6,0.0,0.0,0.3,1.0,191.2,0.0,15.6,1.1
2020-07-24 02:00:00,22.6,23.0,22.1,64.4,66.1,63.3,0.0,0.0,0.3,1.2,183.6,0.0,15.6,1.0
2020-07-24 03:00:00,22.4,22.7,22.0,64.7,65.7,63.5,0.0,0.0,0.4,1.1,187.3,0.0,15.4,1.0
2020-07-24 04:00:00,21.9,22.3,21.6,65.1,66.1,63.3,0.1,2.2,0.3,0.9,198.4,0.0,15.1,0.9
2020-07-24 05:00:00,22.0,23.3,21.3,66.4,68.2,62.6,40.6,107.6,0.2,0.8,185.4,0.0,15.4,0.9
2020-07-24 06:00:00,25.0,26.1,23.2,59.3,63.0,54.3,196.0,292.5,0.3,1.5,273.0,0.0,16.5,1.3
2020-07-24 07:00:00,27.0,27.9,25.9,51.4,55.6,47.3,390.7,494.5,0.6,1.9,330.5,0.0,16.1,1.7
2020-07-24 08:00:00,28.9,30.4,27.4,47.8,51.0,43.2,583.6,674.9,0.6,2.2,354.7,0.0,16.7,2.1
2020-07-24 09:00:00,31.2,32.2,30.4,40.8,44.1,37.3,746.7,924.0,0.8,2.8,51.2,0.0,16.3,2.7
2020-07-24 10:00:00,33.6,35.4,31.7,35.1,40.0,31.3,847.8,950.0,1.0,3.1,31.2,0.0,16.1,3.4
2020-07-24 11:00:00,35.4,36.3,34.8,31.9,33.5,30.1,930.2,945.0,1.2,3.4,93.1,0.0,16.2,3.9
2020-07-24 12:00:00,36.1,36.8,35.3,30.9,33.4,28.4,942.2,956.0,1.3,3.7,120.7,0.0,16.2,4.1
2020-07-24 13:00:00,35.8,36.4,35.1,32.7,34.5,30.4,881.7,922.0,1.7,5.1,132.8,0.0,16.9,4.0
2020-07-24 14:00:00,35.3,36.3,34.5,32.6,34.1,29.9,779.5,838.0,2.0,6.2,140.3,0.0,16.4,3.9
2020-07-24 15:00:00,33.7,35.3,32.3,36.6,41.3,32.1,404.4,715.4,2.1,4.7,139.7,0.0,16.8,3.3
2020-07-24 16:00:00,33.1,33.6,32.6,39.4,40.9,37.7,435.4,599.5,1.7,6.6,142.4,0.0,17.4,3.1
2020-07-24 17:00:00,32.0,33.1,31.1,41.4,43.1,38.6,253.2,356.7,1.7,4.7,126.0,0.0,17.2,2.8
2020-07-24 18:00:00,30.3,31.2,29.4,40.2,43.1,38.1,80.2,154.7,1.3,4.3,117.0,0.0,15.3,2.6
2020-07-24 19:00:00,28.5,29.5,27.7,43.4,47.1,38.1,3.0,19.4,0.9,3.0,110.6,0.0,14.8,2.2
2020-07-24 20:00:00,27.0,27.8,26.5,50.8,52.7,46.6,0.0,0.0,0.8,3.3,142.3,0.0,16.0,1.8
2020-07-24 21:00:00,26.1,26.7,25.3,52.6,56.2,48.9,0.0,0.0,0.2,1.4,338.8,0.0,15.7,1.6
2020-07-24 22:00:00,25.0,25.4,24.5,59.6,64.0,56.1,0.0,0.0,0.2,1.2,317.2,0.0,16.6,1.3
2020-07-24 23:00:00,24.3,24.6,24.0,61.2,65.3,58.7,0.0,0.0,0.1,0.6,179.4,0.0,16.4,1.2
2020-07-25 00:00:00,24.1,24.3,23.9,63.3,64.3,61.3,0.0,0.0,0.3,1.0,184.9,0.0,16.7,1.1
2020-07-25 01:00:00,23.9,24.2,23.6,68.0,73.8,64.0,0.0,0.0,0.2,1.0,186.4,0.0,17.6,1.0
2020-07-25 02:00:00,23.5,23.9,23.1,71.9,73.3,69.2,0.0,0.0,0.2,1.0,175.2,0.0,18.1,0.8
2020-07-25 03:00:00,22.8,23.3,22.6,72.9,73.6,72.0,0.0,0.0,0.4,1.2,196.2,0.0,17.7,0.8
2020-07-25 04:00:00,22.4,22.9,22.1,72.2,74.1,70.8,0.0,2.2,0.4,1.0,192.6,0.0,17.1,0.8
2020-07-25 05:00:00,22.5,23.7,22.0,74.8,76.2,71.8,36.4,101.1,0.3,1.3,192.8,0.0,17.9,0.7
2020-07-25 06:00:00,24.8,26.2,23.7,68.2,71.9,64.8,171.4,288.2,0.3,1.4,309.1,0.0,18.5,1.0
2020-07-25 07:00:00,27.1,28.0,26.0,62.2,65.6,57.0,394.9,505.3,0.5,1.8,11.5,0.0,19.2,1.4
2020-07-25 08:00:00,29.1,30.4,28.0,48.8,59.5,37.9,593.7,679.2,0.9,2.5,31.6,0.0,17.1,2.1
2020-07-25 09:00:00,31.0,32.5,30.0,39.7,43.9,33.0,746.8,836.0,1.2,3.5,23.9,0.0,15.7,2.7
2020-07-25 10:00:00,33.2,34.8,31.8,29.1,34.5,25.0,857.7,924.0,1.4,3.4,27.0,0.0,12.8,3.6
2020-07-25 11:00:00,35.0,35.8,33.7,26.0,28.3,23.9,944.2,958.0,1.8,5.7,34.9,0.0,12.6,4.2
2020-07-25 12:00:00,35.0,35.9,34.1,29.2,31.8,26.4,951.7,963.0,1.8,4.8,70.7,0.0,14.4,4.0
2020-07-25 13:00:00,35.1,35.8,34.5,30.3,31.9,28.8,901.7,935.0,1.7,4.2,96.3,0.0,15.1,3.9
2020-07-25 14:00:00,34.9,35.6,34.3,30.3,31.7,29.1,803.1,855.0,1.8,4.5,105.2,0.0,14.9,3.9
2020-07-25 15:00:00,34.4,35.0,33.9,29.8,31.0,28.2,655.5,736.9,1.6,4.8,120.6,0.0,14.2,3.8
2020-07-25 16:00:00,34.0,34.8,33.3,28.2,29.5,27.0,470.4,567.2,1.4,3.8,132.5,0.0,13.0,3.8
2020-07-25 17:00:00,33.2,33.9,32.5,28.1,29.2,26.9,267.5,371.7,1.2,3.4,134.8,0.0,12.3,3.7
2020-07-25 18:00:00,31.4,32.5,30.1,28.6,34.8,24.5,84.2,163.3,1.3,3.9,119.0,0.0,11.0,3.3
2020-07-25 19:00:00,29.0,30.2,28.0,38.2,41.0,34.7,3.1,19.4,1.1,3.3,91.8,0.0,13.3,2.5
2020-07-25 20:00:00,27.4,28.1,26.8,44.6,46.9,40.2,0.0,0.0,0.9,2.5,112.7,0.0,14.2,2.0
2020-07-25 21:00:00,25.8,26.9,24.4,50.0,58.9,40.3,0.0,0.0,0.3,1.5,16.0,0.0,14.5,1.7
2020-07-25 22:00:00,24.5,24.9,23.8,52.2,59.4,49.5,0.0,0.0,0.3,0.9,179.9,0.0,14.0,1.5
2020-07-25 23:00:00,23.7,24.0,23.3,52.1,54.0,50.2,0.0,0.0,0.6,1.2,189.7,0.0,13.4,1.4
2020-07-26 00:00:00,23.1,23.4,22.9,58.4,62.4,53.9,0.0,0.0,0.5,1.0,188.2,0.0,14.5,1.2
2020-07-26 01:00:00,22.9,23.2,22.7,64.7,67.2,61.6,0.0,0.0,0.6,1.2,189.4,0.0,15.9,1.0
2020-07-26 02:00:00,22.7,22.9,22.4,69.1,71.2,66.9,0.0,0.0,0.5,1.3,188.7,0.0,16.7,0.9
2020-07-26 03:00:00,22.3,22.6,21.9,72.4,74.5,70.5,0.0,0.0,0.4,1.2,195.2,0.0,17.1,0.7
2020-07-26 04:00:00,21.8,22.1,21.5,76.4,78.1,73.9,0.0,2.2,0.2,1.0,176.1,0.0,17.5,0.6
2020-07-26 05:00:00,21.8,22.8,21.1,76.4,78.2,72.2,28.0,64.6,0.2,1.5,176.0,0.0,17.5,0.6
2020-07-26 06:00:00,23.9,25.1,22.7,69.1,72.2,65.2,192.3,301.1,0.4,2.2,230.9,0.0,17.9,0.9
2020-07-26 07:00:00,26.6,27.9,25.1,60.6,68.1,51.1,409.7,513.9,0.5,1.5,264.4,0.0,18.3,1.4
2020-07-26 08:00:00,29.3,30.8,27.6,41.4,51.6,33.0,607.0,690.0,0.6,2.0,333.1,0.0,14.8,2.4
2020-07-26 09:00:00,31.9,32.9,30.8,32.5,36.4,30.2,769.3,843.0,1.0,2.8,33.5,0.0,13.4,3.2
2020-07-26 10:00:00,34.2,35.4,32.5,29.2,31.0,27.2,891.2,935.0,1.4,3.9,38.2,0.0,13.7,3.8
2020-07-26 11:00:00,35.8,36.7,34.9,30.5,34.2,25.6,950.2,958.0,1.8,5.1,37.8,0.0,15.7,4.1
2020-07-26 12:00:00,36.2,37.0,35.3,33.3,36.2,30.7,953.5,963.0,2.2,6.4,37.5,0.0,17.6,4.0
2020-07-26 13:00:00,36.2,36.9,35.7,28.5,32.6,24.9,914.0,943.0,2.4,5.6,52.3,0.0,15.1,4.3
2020-07-26 14:00:00,36.1,36.6,35.8,25.1,27.4,22.7,816.0,872.0,2.4,5.6,48.6,0.0,13.0,4.5
2020-07-26 15:00:00,35.9,36.4,35.1,25.4,28.5,23.4,669.0,749.8,2.3,5.7,45.1,0.0,13.0,4.4
2020-07-26 16:00:00,34.8,35.8,33.6,28.8,30.1,27.0,477.4,577.9,2.1,5.0,47.6,0.0,14.0,4.0
2020-07-26 17:00:00,32.8,33.9,31.7,31.8,37.8,28.5,268.8,371.7,2.0,5.2,46.7,0.0,13.8,3.4
2020-07-26 18:00:00,30.1,31.7,28.9,43.5,46.4,38.0,84.7,169.8,1.8,4.3,56.8,0.0,16.3,2.4
2020-07-26 19:00:00,28.2,29.0,27.6,49.0,52.2,44.8,3.1,19.4,1.3,3.6,59.1,0.0,16.4,1.9
2020-07-26 20:00:00,27.0,27.7,26.3,57.9,62.4,50.6,0.0,0.0,0.6,3.0,53.2,0.0,18.0,1.5
2020-07-26 21:00:00,26.1,26.6,25.7,64.6,68.3,60.5,0.0,0.0,0.5,1.4,73.8,0.0,19.0,1.2
2020-07-26 22:00:00,25.1,25.8,24.7,66.1,68.8,64.7,0.0,0.0,0.4,1.1,175.7,0.0,18.4,1.1
2020-07-26 23:00:00,24.3,24.8,23.8,66.9,68.7,65.0,0.0,0.0,0.5,1.1,185.2,0.0,17.7,1.0
2020-07-27 00:00:00,23.7,24.0,23.5,69.5,71.2,67.9,0.0,0.0,0.4,1.2,180.4,0.0,17.8,0.9
2020-07-27 01:00:00,23.4,23.7,23.2,72.3,75.0,70.6,0.0,0.0,0.4,1.1,187.1,0.0,18.2,0.8
2020-07-27 02:00:00,23.1,23.5,22.7,75.5,76.4,74.5,0.0,0.0,0.3,0.8,182.3,0.0,18.5,0.7
2020-07-27 03:00:00,22.6,22.8,22.2,77.3,79.0,76.1,0.0,0.0,0.2,1.0,173.4,0.0,18.4,0.6
2020-07-27 04:00:00,22.5,22.8,22.2,78.1,79.0,77.1,0.0,0.0,0.4,0.9,187.0,0.0,18.5,0.6
2020-07-27 05:00:00,22.6,23.4,22.3,79.1,79.9,77.4,31.8,94.7,0.3,1.0,191.9,0.0,18.8,0.6
2020-07-27 06:00:00,24.6,25.8,23.4,68.3,77.6,60.0,186.5,286.0,0.4,1.3,343.8,0.0,18.4,1.0
2020-07-27 07:00:00,27.3,28.3,25.7,55.4,59.9,52.0,387.3,490.2,0.4,1.3,8.7,0.0,17.6,1.6
2020-07-27 08:00:00,29.8,31.5,28.0,43.8,53.4,35.6,581.9,668.5,0.6,1.8,342.6,0.0,16.0,2.4
2020-07-27 09:00:00,32.3,33.9,30.7,33.8,38.7,28.9,744.5,812.0,0.9,2.8,40.4,0.0,14.3,3.2
2020-07-27 10:00:00,34.7,36.1,33.5,27.5,29.9,23.9,869.7,928.0,1.4,3.8,52.2,0.0,13.2,4.0
2020-07-27 11:00:00,36.7,37.7,35.8,22.9,25.3,20.7,928.3,1014.0,1.8,4.3,46.2,0.0,12.1,4.8
2020-07-27 12:00:00,36.7,37.8,35.5,21.8,24.0,19.8,830.5,1197.0,2.2,5.2,48.6,0.0,11.4,4.8
2020-07-27 13:00:00,36.7,37.6,35.5,20.6,23.3,17.8,713.3,1023.0,2.2,5.9,45.5,0.0,10.5,4.9
2020-07-27 14:00:00,36.4,37.8,35.6,18.5,20.0,15.5,479.8,984.0,1.4,4.4,80.6,0.0,8.7,5.0
2020-07-27 15:00:00,36.2,36.8,35.5,17.9,19.8,16.6,571.8,842.0,1.7,4.8,55.2,0.0,8.0,4.9
2020-07-27 16:00:00,35.8,36.7,34.6,19.9,22.5,17.8,475.3,616.6,1.4,3.9,58.3,0.0,9.2,4.7
2020-07-27 17:00:00,33.8,34.9,32.7,22.5,25.3,21.1,218.7,365.2,1.6,4.3,49.9,0.0,9.5,4.1
2020-07-27 18:00:00,31.6,32.9,29.8,33.0,44.1,24.9,75.1,120.3,1.1,3.7,27.1,0.0,13.1,3.1
2020-07-27 19:00:00,28.6,29.8,27.8,48.9,51.5,44.0,3.1,23.6,0.6,2.4,40.5,0.0,16.9,2.0
2020-07-27 20:00:00,27.3,28.2,26.4,52.5,54.1,50.9,0.0,0.0,0.4,1.2,122.0,0.0,16.7,1.7
2020-07-27 21:00:00,26.6,26.9,26.1,50.1,54.5,45.9,0.0,0.0,0.5,1.5,194.6,0.0,15.4,1.7
2020-07-27 22:00:00,25.6,26.3,25.2,49.6,51.3,47.3,0.0,0.0,0.3,1.1,177.3,0.0,14.3,1.7
2020-07-27 23:00:00,24.7,25.3,24.3,52.9,55.6,50.3,0.0,0.0,0.4,1.3,188.8,0.0,14.4,1.5
2020-07-28 00:00:00,24.0,24.6,23.5,56.2,58.5,54.9,0.0,0.0,0.3,1.1,173.3,0.0,14.8,1.3
2020-07-28 01:00:00,23.3,23.9,22.8,55.3,59.6,52.9,0.0,0.0,0.4,1.2,189.1,0.0,13.9,1.3
2020-07-28 02:00:00,22.8,23.1,22.4,54.5,57.9,52.0,0.0,0.0,0.4,1.1,192.7,0.0,13.1,1.3
2020-07-28 03:00:00,22.3,22.8,22.0,61.6,63.6,57.7,0.0,0.0,0.2,0.8,176.9,0.0,14.6,1.0
2020-07-28 04:00:00,21.4,22.2,20.8,65.0,66.9,62.2,0.0,0.0,0.0,0.4,153.0,0.0,14.5,0.9
2020-07-28 05:00:00,21.5,22.7,20.8,57.5,63.3,53.0,33.6,92.5,0.1,0.5,193.2,0.0,12.7,1.1
2020-07-28 06:00:00,25.1,26.7,22.6,52.0,57.0,45.9,183.0,279.6,0.2,1.1,45.8,0.0,14.5,1.5
2020-07-28 07:00:00,28.1,29.9,26.4,37.6,47.0,29.2,384.1,490.2,0.3,1.2,329.0,0.0,12.2,2.4
2020-07-28 08:00:00,31.5,33.0,29.8,26.3,31.3,22.5,585.2,672.8,0.6,1.8,40.7,0.0,9.8,3.4
2020-07-28 09:00:00,34.2,35.3,32.8,22.1,24.6,20.1,746.5,819.0,1.0,2.9,27.6,0.0,9.5,4.2
2020-07-28 10:00:00,35.1,35.9,34.2,28.4,30.8,23.4,866.3,920.0,2.0,5.2,36.4,0.0,14.0,4.1
2020-07-28 11:00:00,34.9,35.6,34.3,28.0,30.3,25.5,936.5,948.0,2.1,4.5,61.1,0.0,13.7,4.0
2020-07-28 12:00:00,35.8,36.5,35.1,27.2,29.7,24.5,942.3,950.0,2.0,4.9,53.1,0.0,14.0,4.3
2020-07-28 13:00:00,36.1,36.7,35.2,30.0,31.9,27.9,894.5,930.0,1.9,4.8,42.9,0.0,15.8,4.2
2020-07-28 14:00:00,35.8,36.4,35.3,30.2,32.2,28.5,795.2,849.0,2.2,5.2,51.3,0.0,15.7,4.1
2020-07-28 15:00:00,35.2,35.9,34.7,30.7,32.2,29.3,662.2,734.8,2.2,5.3,57.4,0.0,15.4,3.9
2020-07-28 16:00:00,34.4,35.1,33.5,31.2,33.8,29.0,475.3,575.8,2.2,5.1,53.9,0.0,14.9,3.7
2020-07-28 17:00:00,32.8,33.6,31.8,34.6,39.3,32.1,263.4,371.7,1.9,4.4,58.4,0.0,15.1,3.3
2020-07-28 18:00:00,30.8,32.0,29.7,44.8,50.9,36.9,79.4,161.2,1.4,3.5,59.2,0.0,17.4,2.5
2020-07-28 19:00:00,28.9,29.7,28.2,53.4,56.5,50.3,2.4,15.1,1.4,3.5,64.6,0.0,18.5,1.9
2020-07-28 20:00:00,27.7,28.3,27.1,60.3,64.0,56.4,0.0,0.0,1.2,2.9,66.2,0.0,19.3,1.5
2020-07-28 21:00:00,26.7,27.2,26.1,67.9,71.8,63.6,0.0,0.0,1.2,3.2,66.5,0.0,20.3,1.1
2020-07-28 22:00:00,26.0,26.3,25.8,72.8,73.7,71.5,0.0,0.0,0.7,2.7,82.4,0.0,20.7,0.9
2020-07-28 23:00:00,25.2,25.9,24.6,75.5,79.2,72.7,0.0,0.0,0.1,0.8,311.6,0.0,20.6,0.8
2020-07-29 00:00:00,24.8,25.0,24.5,77.3,79.4,76.1,0.0,0.0,0.1,0.7,194.5,0.0,20.5,0.7
2020-07-29 01:00:00,25.0,25.3,24.7,77.3,79.0,75.6,0.0,0.0,0.1,0.7,212.9,0.0,20.7,0.7
2020-07-29 02:00:00,24.8,25.0,24.6,77.4,78.5,76.5,0.0,0.0,0.4,1.5,227.7,0.0,20.6,0.7
2020-07-29 03:00:00,24.6,24.8,24.5,79.0,79.8,77.5,0.0,0.0,0.7,1.9,188.7,0.0,20.7,0.6
2020-07-29 04:00:00,24.3,24.7,24.0,77.5,79.2,75.8,0.0,0.0,0.3,1.6,173.9,0.0,20.1,0.7
2020-07-29 05:00:00,24.2,25.0,23.9,73.8,76.1,72.5,28.9,83.9,0.2,1.4,174.3,0.0,19.3,0.8
2020-07-29 06:00:00,26.3,27.7,24.9,69.0,72.6,62.0,174.9,273.1,0.2,0.8,4.7,0.0,20.2,1.1
2020-07-29 07:00:00,28.7,30.3,27.6,57.2,63.8,50.1,376.8,470.9,0.6,1.5,350.1,0.0,19.3,1.7
2020-07-29 08:00:00,30.7,31.7,29.8,48.7,52.3,44.9,568.6,657.7,0.7,2.1,14.3,0.0,18.7,2.3
2020-07-29 09:00:00,32.5,33.8,31.6,42.3,46.4,37.2,728.4,795.1,0.9,3.5,61.7,0.0,18.0,2.8
2020-07-29 10:00:00,34.1,34.8,32.9,34.0,40.3,30.7,851.7,898.0,1.1,3.6,93.3,0.0,16.0,3.5
2020-07-29 11:00:00,36.2,37.1,34.4,26.9,32.0,23.8,926.7,948.0,1.6,4.9,30.4,0.0,14.1,4.4
2020-07-29 12:00:00,36.6,37.3,35.8,27.4,30.7,24.2,938.8,950.0,1.9,5.4,46.6,0.0,14.8,4.4
2020-07-29 13:00:00,36.6,37.2,36.1,23.9,26.2,22.7,901.3,930.0,2.0,5.7,62.7,0.0,12.7,4.7
2020-07-29 14:00:00,36.8,37.2,36.1,23.2,25.1,18.6,804.4,864.0,2.0,5.1,55.0,0.0,12.4,4.8
2020-07-29 15:00:00,36.0,36.5,35.6,23.2,25.7,21.2,663.2,745.5,2.1,5.2,58.2,0.0,11.8,4.6
2020-07-29 16:00:00,34.6,35.8,33.0,28.6,31.8,24.6,469.3,569.3,1.7,5.4,109.1,0.0,13.7,3.9
2020-07-29 17:00:00,32.3,33.4,30.9,32.3,35.4,29.4,189.8,369.5,1.5,4.4,118.0,0.0,13.6,3.3
2020-07-29 18:00:00,30.2,31.0,29.4,39.7,44.1,35.1,30.0,45.1,1.2,3.3,65.9,0.0,14.9,2.6
2020-07-29 19:00:00,28.9,29.5,28.4,42.3,44.5,41.1,2.6,15.1,0.5,1.9,131.7,0.0,14.9,2.3
2020-07-29 20:00:00,28.3,28.6,27.8,47.2,48.5,44.6,0.0,0.0,1.2,4.6,52.2,0.0,16.0,2.0
2020-07-29 21:00:00,28.0,28.3,27.4,45.6,51.5,43.6,0.0,0.0,1.3,4.4,44.3,0.0,15.2,2.1
2020-07-29 22:00:00,27.3,27.7,26.6,52.7,56.2,51.0,0.0,0.0,0.9,3.0,135.6,0.0,16.8,1.7
2020-07-29 23:00:00,25.9,26.7,25.0,56.2,59.7,53.5,0.0,0.0,0.3,1.6,160.7,0.0,16.6,1.5
2020-07-30 00:00:00,25.4,26.0,25.0,60.9,63.3,59.1,0.0,0.0,0.5,2.3,196.3,0.0,17.3,1.3
2020-07-30 01:00:00,25.1,25.3,24.6,65.4,68.4,63.2,0.0,0.0,0.4,1.3,176.5,0.0,18.1,1.1
2020-07-30 02:00:00,24.2,25.1,23.4,69.4,72.1,66.7,0.0,0.0,0.4,1.7,178.1,0.0,18.3,0.9
2020-07-30 03:00:00,24.4,24.8,24.1,67.8,69.4,67.1,0.0,0.0,0.7,2.0,200.9,0.0,18.1,1.0
2020-07-30 04:00:00,24.7,24.9,24.4,68.2,69.9,66.9,0.0,0.0,0.2,1.2,187.5,0.0,18.5,1.0
2020-07-30 05:00:00,24.9,25.3,24.5,68.6,69.9,67.5,15.0,40.9,0.3,1.2,188.7,0.0,18.7,1.0
2020-07-30 06:00:00,25.5,25.9,25.1,67.5,69.0,66.0,89.1,234.4,0.4,1.5,323.0,0.0,19.1,1.1
2020-07-30 07:00:00,27.4,28.5,25.8,59.1,66.0,54.9,341.8,460.1,0.5,2.0,269.7,0.0,18.6,1.5
2020-07-30 08:00:00,30.0,31.4,28.2,49.2,56.0,44.1,552.4,638.4,0.7,2.4,339.4,0.0,18.2,2.2
2020-07-30 09:00:00,32.2,33.1,31.1,41.1,45.7,37.5,713.7,780.1,0.9,2.7,22.3,0.0,17.3,2.8
2020-07-30 10:00:00,33.5,34.6,32.6,36.2,40.5,32.5,837.8,888.0,1.0,3.1,40.9,0.0,16.4,3.3
2020-07-30 11:00:00,35.2,36.3,34.0,30.5,34.1,28.0,910.2,926.0,1.3,3.4,43.3,0.0,15.3,4.0
2020-07-30 12:00:00,37.4,38.5,36.2,27.0,29.5,25.2,919.3,928.0,1.7,5.0,32.7,0.0,15.2,4.7
2020-07-30 13:00:00,36.7,38.1,35.7,25.6,28.1,22.0,880.5,907.0,2.7,6.6,58.2,0.0,13.8,4.6
2020-07-30 14:00:00,36.7,37.2,36.1,23.5,25.4,21.5,782.8,844.0,2.1,5.1,58.3,0.0,12.6,4.7
2020-07-30 15:00:00,36.4,37.3,35.1,24.9,28.7,20.6,642.4,721.9,2.0,4.8,74.0,0.0,13.1,4.6
2020-07-30 16:00:00,35.1,36.0,34.1,29.6,31.8,27.5,417.7,556.4,1.2,6.3,117.5,0.0,14.8,4.0
2020-07-30 17:00:00,32.3,34.2,30.9,37.5,45.3,30.1,111.5,279.3,1.6,3.9,42.7,0.0,15.8,3.0
2020-07-30 18:00:00,30.7,31.0,30.4,43.0,47.8,39.5,56.5,131.1,1.4,4.1,77.0,0.0,16.7,2.5
2020-07-30 19:00:00,30.4,30.8,30.0,37.4,41.1,32.2,2.3,17.2,0.9,3.5,79.0,0.0,14.2,2.7
2020-07-30 20:00:00,29.2,30.1,28.6,38.8,40.8,37.6,0.0,0.0,0.4,1.5,203.4,0.0,13.8,2.5
2020-07-30 21:00:00,28.0,29.0,26.7,44.9,54.9,38.6,0.0,0.0,0.3,1.1,127.5,0.0,14.9,2.1
2020-07-30 22:00:00,26.3,26.9,25.5,54.4,57.0,52.1,0.0,0.0,0.2,1.1,169.8,0.0,16.3,1.6
2020-07-30 23:00:00,25.4,25.7,25.0,52.7,53.5,51.9,0.0,0.0,0.5,1.4,180.0,0.0,15.0,1.5
2020-07-31 00:00:00,24.9,25.4,24.3,54.2,57.2,52.1,0.0,0.0,0.4,1.4,184.4,0.0,15.0,1.4
2020-07-31 01:00:00,24.6,25.1,24.2,56.9,58.5,55.2,0.0,0.0,0.5,1.1,182.0,0.0,15.5,1.3
2020-07-31 02:00:00,24.1,24.8,23.1,59.5,64.6,56.8,0.0,0.0,0.3,1.6,111.0,0.0,15.7,1.2
2020-07-31 03:00:00,23.3,23.6,23.0,62.1,65.1,61.0,0.0,0.0,0.3,1.2,176.0,0.0,15.6,1.1
2020-07-31 04:00:00,22.9,23.5,22.4,64.3,66.1,61.7,0.0,0.0,0.1,0.5,182.3,0.0,15.8,1.0
2020-07-31 05:00:00,22.5,23.5,21.8,67.2,69.7,64.7,30.7,88.2,0.0,0.4,78.0,0.0,16.1,0.9
2020-07-31 06:00:00,25.8,28.1,23.5,55.2,64.8,46.1,181.2,281.7,0.1,1.0,201.3,0.0,16.1,1.5
2020-07-31 07:00:00,29.5,31.1,28.0,42.8,47.7,36.2,383.3,485.9,0.4,1.5,334.4,0.0,15.5,2.4
2020-07-31 08:00:00,32.5,33.6,30.9,33.5,38.0,30.7,579.2,666.2,0.7,1.8,19.8,0.0,14.3,3.3
2020-07-31 09:00:00,34.4,36.1,33.1,29.7,33.1,26.4,738.9,806.0,0.8,2.3,52.7,0.0,14.2,3.8
2020-07-31 10:00:00,37.0,38.6,35.5,25.2,28.9,20.2,855.8,896.0,1.0,2.7,19.7,0.0,13.8,4.7
2020-07-31 11:00:00,38.3,39.0,37.2,20.8,22.7,18.7,915.5,930.0,1.3,4.2,167.2,0.0,11.9,5.3
2020-07-31 12:00:00,38.7,39.3,38.0,25.3,27.9,20.6,921.8,932.0,1.4,4.2,135.8,0.0,15.3,5.1
2020-07-31 13:00:00,38.3,39.2,37.5,26.2,28.0,24.5,871.7,911.0,1.7,5.6,111.9,0.0,15.6,5.0
2020-07-31 14:00:00,38.6,39.3,38.1,25.7,27.8,23.8,760.4,825.0,1.6,3.7,106.0,0.0,15.5,5.1
2020-07-31 15:00:00,38.3,39.3,37.5,28.5,31.5,25.6,609.7,689.4,1.6,4.6,166.9,0.0,16.8,4.8
2020-07-31 16:00:00,36.8,38.0,35.8,33.1,34.9,30.7,422.9,517.6,1.9,5.1,174.4,0.0,17.9,4.1
2020-07-31 17:00:00,35.5,36.1,35.2,36.1,38.2,34.2,220.4,311.5,1.7,4.6,179.2,0.0,18.2,3.7
2020-07-31 18:00:00,34.4,35.5,32.4,40.1,45.9,35.7,60.1,126.8,0.7,2.5,332.3,0.0,18.9,3.3
2020-07-31 19:00:00,30.8,32.5,29.4,52.2,59.0,45.8,1.2,10.8,0.5,1.9,1.0,0.0,19.8,2.1
2020-07-31 20:00:00,28.7,29.5,28.1,61.1,62.8,58.9,0.0,0.0,0.2,1.1,339.4,0.0,20.5,1.5
2020-07-31 21:00:00,28.4,29.0,27.8,61.3,62.9,60.2,0.0,0.0,0.3,1.3,260.6,0.0,20.3,1.5
2020-07-31 22:00:00,27.1,27.8,26.4,65.2,67.9,62.1,0.0,0.0,0.0,0.5,330.9,0.0,20.0,1.3
2020-07-31 23:00:00,26.7,27.0,26.2,67.0,68.2,66.1,0.0,0.0,0.2,0.9,175.7,0.0,20.1,1.2
2020-09-28 23:00:00,16.7,17.3,16.4,70.7,72.5,68.1,0.0,0.0,0.5,1.3,190.6,0.0,11.4,0.6
2020-09-29 00:00:00,16.3,16.6,15.8,71.9,72.8,71.4,0.0,0.0,0.4,1.1,190.5,0.0,11.2,0.5
2020-09-29 01:00:00,15.6,16.0,15.1,73.7,75.2,72.4,0.0,0.0,0.3,1.2,194.4,0.0,10.9,0.5
2020-09-29 02:00:00,15.1,15.3,14.8,76.2,77.4,74.8,0.0,0.0,0.3,1.0,190.8,0.0,10.9,0.4
2020-09-29 03:00:00,15.2,15.5,14.8,75.8,77.5,74.7,0.0,0.0,0.3,1.1,205.2,0.0,11.0,0.4
2020-09-29 04:00:00,14.9,15.2,14.5,77.7,79.3,76.7,0.0,0.0,0.2,0.7,206.6,0.0,11.0,0.4
2020-09-29 05:00:00,15.0,15.5,14.6,76.8,79.1,75.6,0.4,2.2,0.0,0.5,137.0,0.0,11.0,0.4
2020-09-29 06:00:00,15.3,17.1,14.5,76.9,79.4,71.3,55.9,221.7,0.2,0.9,176.6,0.0,11.3,0.4
2020-09-29 07:00:00,18.4,19.1,17.1,61.3,71.3,58.1,173.6,305.5,0.5,1.6,318.0,0.0,10.8,0.8
2020-09-29 08:00:00,20.6,22.3,19.1,54.3,59.3,50.1,350.9,580.8,0.5,1.9,305.5,0.0,11.0,1.1
2020-09-29 09:00:00,23.2,24.5,22.1,50.5,53.2,48.8,628.3,684.0,0.6,1.8,314.4,0.0,12.4,1.4
2020-09-29 10:00:00,25.5,26.4,24.1,46.2,50.3,42.9,734.6,776.2,1.1,2.9,24.6,0.0,13.1,1.8
2020-09-29 11:00:00,27.0,27.8,26.1,40.9,45.2,38.2,787.0,802.0,1.3,3.5,45.9,0.0,12.5,2.1
2020-09-29 12:00:00,27.7,28.5,27.2,35.7,39.4,32.7,790.7,802.0,2.0,5.3,47.1,0.0,11.2,2.4
2020-09-29 13:00:00,27.9,29.2,27.2,34.9,37.8,32.2,709.3,769.5,1.9,4.7,55.4,0.0,11.0,2.5
2020-09-29 14:00:00,27.4,28.1,26.8,36.7,39.1,34.3,570.1,627.6,2.0,4.7,51.8,0.0,11.3,2.3
2020-09-29 15:00:00,26.8,27.4,26.3,39.8,41.2,38.0,411.8,507.3,1.6,5.0,76.9,0.0,12.1,2.1
2020-09-29 16:00:00,25.8,26.6,24.9,41.7,43.8,39.9,205.3,316.0,1.3,4.1,90.9,0.0,11.8,1.9
2020-09-29 17:00:00,23.7,25.1,22.6,48.9,54.4,43.5,36.0,111.8,1.3,3.1,75.3,0.0,12.3,1.5
2020-09-29 18:00:00,21.9,22.7,21.3,57.6,61.0,54.4,0.0,0.0,0.6,2.0,80.1,0.0,13.2,1.1
2020-09-29 19:00:00,20.5,21.3,19.4,63.8,67.8,60.7,0.0,0.0,0.5,1.4,160.0,0.0,13.4,0.9
2020-09-29 20:00:00,18.8,19.5,18.3,70.8,73.6,67.7,0.0,0.0,0.5,1.2,196.0,0.0,13.4,0.6
2020-09-29 21:00:00,18.3,18.6,17.9,74.5,76.2,73.3,0.0,0.0,0.4,1.2,191.4,0.0,13.7,0.5
2020-09-29 22:00:00,17.5,18.0,16.9,77.9,79.8,76.1,0.0,0.0,0.3,1.1,189.4,0.0,13.6,0.4
2020-09-29 23:00:00,17.0,17.3,16.8,80.3,81.2,79.7,0.0,0.0,0.4,1.2,192.2,0.0,13.6,0.4
2020-09-30 00:00:00,16.6,16.9,16.4,82.0,82.8,80.9,0.0,0.0,0.2,1.0,188.9,0.0,13.5,0.3
2020-09-30 01:00:00,15.9,16.8,15.1,82.5,84.7,81.5,0.0,0.0,0.1,0.9,171.4,0.0,12.9,0.3
2020-09-30 02:00:00,15.1,15.4,14.7,85.3,86.5,84.2,0.0,0.0,0.1,0.9,182.4,0.0,12.6,0.3
2020-09-30 03:00:00,14.6,15.3,14.0,85.9,87.0,85.0,0.0,0.0,0.0,0.5,183.2,0.0,12.3,0.2
2020-09-30 04:00:00,14.1,14.5,13.7,87.2,87.9,86.2,0.0,0.0,0.1,0.7,179.7,0.0,12.1,0.2
2020-09-30 05:00:00,13.5,13.8,13.2,87.6,88.2,86.8,0.2,4.3,0.1,1.0,168.1,0.0,11.5,0.2
2020-09-30 06:00:00,14.3,15.4,13.7,87.6,88.1,85.8,50.2,170.0,0.1,0.6,195.4,0.0,12.3,0.2
2020-09-30 07:00:00,17.0,18.7,15.2,78.7,86.1,69.6,228.5,413.2,0.2,1.0,0.2,0.0,13.2,0.4
2020-09-30 08:00:00,19.8,21.5,18.1,65.7,72.4,59.0,388.8,632.5,0.4,1.4,341.0,0.0,13.2,0.8
2020-09-30 09:00:00,22.0,23.1,21.0,58.1,60.3,54.2,477.2,705.4,0.5,2.1,358.5,0.0,13.4,1.1
2020-09-30 10:00:00,24.7,26.1,22.6,49.9,56.2,45.1,594.3,806.0,0.6,2.0,16.3,0.0,13.5,1.6
2020-09-30 11:00:00,26.0,27.6,25.0,42.0,48.0,34.8,553.0,797.7,0.7,2.2,117.4,0.0,12.1,2.0
2020-09-30 12:00:00,26.6,28.1,25.8,37.5,40.8,33.3,352.4,782.6,1.0,3.6,163.5,0.0,10.9,2.2
2020-09-30 13:00:00,25.8,26.5,25.5,42.0,44.6,39.9,218.1,421.5,1.0,2.8,168.3,0.0,12.0,1.9
2020-09-30 14:00:00,26.4,26.8,26.1,44.7,46.1,42.6,292.8,376.3,1.0,3.2,155.7,0.0,13.4,1.9
2020-09-30 15:00:00,26.7,27.2,26.2,44.4,46.0,42.7,248.8,393.5,1.0,3.7,159.1,0.0,13.6,1.9
2020-09-30 16:00:00,25.5,26.3,24.8,47.9,50.3,45.6,95.5,144.1,1.3,4.1,174.0,0.0,13.7,1.7
2020-09-30 17:00:00,24.2,24.9,23.7,53.4,54.9,50.2,13.0,40.9,1.4,4.2,177.1,0.0,14.1,1.4
2020-09-30 18:00:00,23.4,23.9,23.0,55.1,56.7,53.9,0.0,0.0,0.7,2.4,201.6,0.0,13.9,1.3
2020-09-30 19:00:00,22.2,23.1,21.3,60.3,63.9,56.5,0.0,0.0,0.2,0.6,180.9,0.0,14.1,1.1
2020-09-30 20:00:00,20.4,21.4,19.7,67.2,70.0,63.9,0.0,0.0,0.2,1.1,163.5,0.0,14.1,0.8
2020-09-30 21:00:00,19.8,20.2,19.2,69.4,71.5,68.0,0.0,0.0,0.3,1.1,197.2,0.0,14.0,0.7
2020-09-30 22:00:00,19.2,19.5,19.0,72.2,73.1,71.5,0.0,0.0,0.3,1.4,178.5,0.0,14.1,0.6
2020-09-30 23:00:00,19.1,19.5,18.5,73.6,75.4,71.9,0.0,0.0,0.4,1.3,190.1,0.0,14.2,0.6
2020-01-10 00:00:00,18.4,18.7,18.1,75.9,76.9,74.6,0.0,0.0,0.2,1.1,188.7,0.0,14.1,0.5
2020-01-10 01:00:00,18.1,18.6,17.7,76.8,78.4,75.5,0.0,0.0,0.2,0.8,192.9,0.0,14.0,0.5
2020-01-10 02:00:00,17.9,19.3,17.1,79.2,81.0,75.3,0.0,0.0,0.5,1.8,197.6,0.0,14.2,0.4
2020-01-10 03:00:00,18.3,19.4,17.4,78.1,82.3,74.4,0.0,0.0,0.1,1.2,139.8,0.0,14.4,0.5
2020-01-10 04:00:00,16.9,17.5,16.4,83.1,84.5,81.3,0.0,0.0,0.2,0.9,169.9,0.0,14.0,0.3
2020-01-10 05:00:00,16.1,16.6,15.2,84.2,85.3,83.1,0.0,0.0,0.2,1.2,168.4,0.0,13.4,0.3
2020-01-10 06:00:00,15.9,17.0,15.2,85.5,86.2,83.6,44.9,139.9,0.2,1.1,190.7,0.0,13.5,0.3
2020-01-10 07:00:00,19.6,21.8,17.0,72.4,83.7,59.9,252.0,361.5,0.2,1.1,9.5,0.0,14.5,0.6
2020-01-10 08:00:00,22.6,24.2,21.7,55.9,63.5,46.5,410.6,634.4,0.4,1.4,335.4,0.0,13.3,1.2
2020-01-10 09:00:00,25.8,28.2,24.3,38.8,47.2,29.4,468.3,692.5,0.5,1.8,293.2,0.0,10.6,2.0
2020-01-10 10:00:00,29.3,30.2,28.0,26.0,31.0,23.1,701.9,754.6,0.6,1.9,322.1,0.0,7.8,3.0
2020-01-10 11:00:00,31.0,32.7,29.5,22.4,25.1,19.5,761.0,773.8,0.7,2.3,61.2,0.0,7.0,3.5
2020-01-10 12:00:00,33.3,34.3,32.2,18.0,21.3,15.6,752.7,773.8,0.9,2.7,324.3,0.0,5.8,4.2
2020-01-10 13:00:00,33.3,34.3,32.5,15.7,18.6,14.5,684.5,728.4,1.1,3.5,195.0,0.0,3.8,4.3
2020-01-10 14:00:00,32.1,33.0,31.0,20.6,23.3,16.8,553.6,627.4,2.1,5.1,172.6,0.0,6.7,3.8
2020-01-10 15:00:00,30.9,31.7,30.1,23.2,26.1,19.5,370.3,481.3,2.3,5.4,180.2,0.0,7.5,3.4
2020-01-10 16:00:00,29.3,30.2,28.3,26.0,27.2,24.3,149.1,296.6,2.2,6.1,180.3,0.0,7.8,3.0
2020-01-10 17:00:00,27.8,28.5,27.3,27.0,28.6,25.5,18.9,55.9,2.5,6.7,187.5,0.0,7.1,2.7
2020-01-10 18:00:00,27.3,27.7,26.0,25.5,28.9,24.0,0.0,0.0,1.2,4.0,210.8,0.0,5.8,2.7
2020-01-10 19:00:00,24.1,26.1,23.1,33.5,35.9,28.8,0.0,0.0,0.4,1.8,166.4,0.0,7.0,2.0
2020-01-10 20:00:00,22.5,23.7,21.2,36.8,39.5,33.9,0.0,0.0,0.5,1.9,191.0,0.0,7.0,1.7
2020-01-10 21:00:00,20.8,21.5,20.1,39.9,41.7,37.6,0.0,0.0,0.4,1.8,192.8,0.0,6.7,1.5
2020-01-10 22:00:00,21.8,23.0,19.9,34.6,41.5,30.7,0.0,0.0,0.6,1.9,195.3,0.0,5.4,1.7
2020-01-10 23:00:00,21.7,22.7,20.9,32.2,33.8,30.3,0.0,0.0,0.7,2.0,186.1,0.0,4.4,1.8
2020-02-10 00:00:00,21.1,22.0,20.0,34.7,38.2,32.4,0.0,0.0,0.6,2.0,193.5,0.0,4.9,1.6
2020-02-10 01:00:00,19.9,20.5,19.2,39.6,42.7,37.3,0.0,0.0,0.6,1.6,190.0,0.0,5.7,1.4
2020-02-10 02:00:00,19.0,20.2,17.9,43.8,47.7,39.6,0.0,0.0,0.5,1.9,202.4,0.0,6.4,1.2
2020-02-10 03:00:00,18.4,19.3,17.6,47.0,49.9,43.5,0.0,0.0,0.5,2.1,182.6,0.0,6.8,1.1
2020-02-10 04:00:00,17.8,18.3,17.4,51.2,53.5,48.3,0.0,0.0,0.3,1.1,178.8,0.0,7.6,1.0
2020-02-10 05:00:00,20.6,22.3,17.8,44.5,52.5,39.2,0.2,2.2,0.8,2.5,200.5,0.0,8.1,1.4
2020-02-10 06:00:00,21.8,22.9,20.7,39.6,43.6,34.8,19.2,66.7,0.7,3.1,209.0,0.0,7.5,1.6
2020-02-10 07:00:00,24.0,24.8,22.3,32.4,36.9,30.4,164.6,327.0,0.8,4.0,244.3,0.0,6.5,2.0
2020-02-10 08:00:00,24.5,25.1,24.0,31.4,32.6,29.9,143.2,249.5,1.7,5.6,245.5,0.0,6.5,2.1
2020-02-10 09:00:00,25.5,25.8,25.0,29.5,30.6,28.8,232.1,331.2,1.7,5.5,248.1,0.0,6.5,2.3
2020-02-10 10:00:00,25.3,25.6,25.0,30.5,34.0,29.7,146.0,232.3,1.9,5.8,237.9,0.0,6.7,2.2
2020-02-10 11:00:00,24.2,25.5,22.6,38.2,48.7,31.7,248.8,318.3,2.1,5.9,205.4,0.0,9.0,1.9
2020-02-10 12:00:00,26.6,27.9,25.4,30.0,33.1,28.0,303.0,565.6,2.0,6.2,230.9,0.0,7.6,2.4
2020-02-10 13:00:00,29.2,30.0,27.8,26.2,28.8,24.5,637.0,875.0,2.5,6.3,253.4,0.0,7.9,3.0
2020-02-10 14:00:00,28.5,28.9,27.9,27.9,28.9,27.1,411.6,548.2,2.6,7.6,234.6,0.0,8.1,2.8
2020-02-10 15:00:00,27.4,28.9,18.1,31.3,57.7,27.2,232.7,442.9,3.1,9.2,257.4,0.0,8.6,2.6
2020-02-10 16:00:00,15.1,18.1,14.1,69.8,76.3,57.9,20.4,49.5,1.8,8.1,286.2,0.3,9.6,0.5
2020-02-10 17:00:00,14.3,14.8,13.9,65.8,70.6,60.9,8.8,25.8,0.6,4.8,261.8,0.2,8.0,0.6
2020-02-10 18:00:00,15.4,16.5,14.2,63.6,71.2,56.6,0.0,0.0,1.2,4.9,220.8,0.0,8.5,0.6
2020-02-10 19:00:00,16.6,16.8,16.1,55.8,60.3,53.7,0.0,0.0,1.4,4.2,266.6,0.0,7.7,0.8
2020-02-10 20:00:00,16.6,17.0,16.3,52.7,55.7,47.5,0.0,0.0,0.9,3.3,271.0,0.0,6.9,0.9
2020-02-10 21:00:00,17.1,17.6,16.3,42.6,49.4,39.5,0.0,0.0,0.9,4.8,277.4,0.0,4.3,1.1
2020-02-10 22:00:00,16.4,17.1,15.4,42.9,46.9,40.5,0.0,0.0,0.7,2.3,217.4,0.0,3.7,1.1
2020-02-10 23:00:00,16.7,17.3,15.9,39.4,42.5,36.9,0.0,0.0,0.9,3.9,205.7,0.0,2.8,1.2
2020-03-10 00:00:00,14.8,16.0,13.3,47.5,53.6,41.8,0.0,0.0,0.5,1.6,193.6,0.0,3.7,0.9
2020-03-10 01:00:00,12.8,13.4,12.2,56.7,59.5,53.1,0.0,0.0,0.7,1.5,198.3,0.0,4.4,0.6
2020-03-10 02:00:00,12.1,13.0,11.5,59.4,62.7,55.6,0.0,0.0,0.5,1.6,188.2,0.0,4.5,0.6
2020-03-10 03:00:00,11.0,11.8,10.2,64.3,68.5,60.9,0.0,0.0,0.5,1.5,183.8,0.0,4.5,0.5
2020-03-10 04:00:00,11.5,12.8,10.8,60.3,64.8,52.1,0.0,0.0,0.9,1.9,192.5,0.0,4.0,0.5
2020-03-10 05:00:00,12.8,13.1,12.5,50.1,53.2,48.4,0.0,0.0,0.8,1.7,190.3,0.0,2.7,0.7
2020-03-10 06:00:00,13.6,15.0,12.8,45.2,48.8,40.2,41.5,144.2,0.8,3.8,216.9,0.0,1.9,0.9
2020-03-10 07:00:00,15.9,16.9,14.8,38.4,41.7,34.5,252.4,361.5,1.2,3.8,253.0,0.0,1.7,1.1
2020-03-10 08:00:00,18.0,18.9,16.8,32.8,36.6,30.0,459.8,555.1,1.5,4.3,284.1,0.0,1.4,1.4
2020-03-10 09:00:00,19.4,20.3,18.6,29.3,31.9,26.8,632.7,703.4,2.0,5.9,291.3,0.0,1.1,1.6
2020-03-10 10:00:00,21.2,22.5,20.1,26.0,29.0,23.1,752.5,795.9,1.8,5.4,312.0,0.0,0.9,1.9
2020-03-10 11:00:00,22.6,23.6,21.6,24.0,26.2,22.4,811.1,821.0,1.6,4.6,302.4,0.0,1.0,2.1
2020-03-10 12:00:00,23.8,24.5,23.2,20.7,24.4,18.0,801.0,817.0,1.6,4.7,309.2,0.0,0.0,2.3
2020-03-10 13:00:00,24.3,25.2,23.2,18.3,21.2,15.7,726.6,772.0,1.5,4.7,284.9,0.0,-1.3,2.5
2020-03-10 14:00:00,24.8,25.2,24.5,16.4,17.8,15.1,592.4,668.7,1.2,4.4,337.1,0.0,-2.3,2.6
2020-03-10 15:00:00,24.6,25.4,23.9,16.6,18.9,15.0,409.6,507.4,1.2,3.4,358.9,0.0,-2.4,2.6
2020-03-10 16:00:00,23.4,24.3,22.3,19.7,21.9,17.3,185.2,305.3,0.9,3.3,330.6,0.0,-1.1,2.3
2020-03-10 17:00:00,21.0,22.7,18.9,24.1,29.0,20.6,25.1,96.8,0.3,1.4,309.0,0.0,-0.4,1.9
2020-03-10 18:00:00,17.9,18.9,17.2,30.8,32.9,29.1,0.0,0.0,0.9,2.1,187.0,0.0,0.4,1.4
2020-03-10 19:00:00,16.2,17.2,15.1,35.8,40.4,32.6,0.0,0.0,0.6,1.7,191.3,0.0,1.1,1.2
2020-03-10 20:00:00,14.8,15.2,14.3,42.6,45.1,40.4,0.0,0.0,0.3,1.1,199.9,0.0,2.3,1.0
2020-03-10 21:00:00,13.9,14.5,13.4,46.8,48.5,45.0,0.0,0.0,0.4,1.2,182.7,0.0,2.8,0.8
2020-03-10 22:00:00,13.8,14.2,13.5,47.0,48.0,45.3,0.0,0.0,0.5,1.3,194.2,0.0,2.7,0.8
2020-03-10 23:00:00,13.1,14.2,12.2,48.2,51.1,44.6,0.0,0.0,0.2,1.3,182.4,0.0,2.4,0.8
2020-04-10 00:00:00,12.0,12.5,11.4,51.4,53.6,50.0,0.0,0.0,0.3,1.1,191.5,0.0,2.3,0.7
2020-04-10 01:00:00,11.7,12.3,10.9,53.1,55.8,50.9,0.0,0.0,0.6,1.5,184.8,0.0,2.4,0.6
2020-04-10 02:00:00,10.4,11.4,9.6,58.8,62.1,54.3,0.0,0.0,0.2,1.3,187.5,0.0,2.6,0.5
2020-04-10 03:00:00,9.3,10.5,8.7,63.1,65.9,58.1,0.0,0.0,0.1,0.6,79.3,0.0,2.6,0.4
2020-04-10 04:00:00,9.1,10.3,7.9,63.8,69.3,57.4,0.0,0.0,0.2,1.3,274.7,0.0,2.5,0.4
2020-04-10 05:00:00,8.8,9.8,8.0,65.1,69.1,59.9,0.0,2.2,0.3,1.1,139.7,0.0,2.6,0.4
2020-04-10 06:00:00,9.1,11.0,8.2,63.1,66.2,57.8,39.6,137.8,0.2,0.9,174.0,0.0,2.5,0.4
2020-04-10 07:00:00,13.5,15.1,11.0,50.7,57.8,43.0,244.4,348.7,0.3,1.2,356.5,0.0,3.5,0.8
2020-04-10 08:00:00,16.6,18.0,14.8,38.9,44.9,34.3,448.3,557.3,0.3,1.3,10.6,0.0,2.5,1.2
2020-04-10 09:00:00,19.5,20.8,17.7,31.5,35.4,28.3,557.6,735.7,0.5,2.1,308.8,0.0,2.1,1.6
2020-04-10 10:00:00,21.4,23.3,19.9,28.3,31.2,24.4,720.1,804.0,0.7,2.4,226.6,0.0,2.3,1.8
2020-04-10 11:00:00,23.3,24.5,22.0,23.5,26.4,21.6,719.6,869.0,0.9,2.7,250.4,0.0,1.3,2.2
2020-04-10 12:00:00,25.8,27.5,23.7,20.6,23.6,18.0,760.7,888.0,0.7,2.7,283.7,0.0,1.6,2.6
2020-04-10 13:00:00,26.5,27.2,25.9,19.1,20.4,18.2,712.9,759.0,1.2,3.6,248.1,0.0,1.1,2.8
2020-04-10 14:00:00,26.9,27.9,26.0,19.0,20.2,17.7,555.4,780.3,1.0,3.4,249.6,0.0,1.3,2.9
2020-04-10 15:00:00,26.6,28.2,25.5,22.7,26.9,17.1,406.0,505.1,1.5,3.9,196.5,0.0,3.6,2.7
2020-04-10 16:00:00,25.1,25.6,24.7,27.3,28.1,26.5,220.1,301.0,1.5,4.9,197.5,0.0,5.0,2.3
2020-04-10 17:00:00,24.2,25.6,22.8,28.8,31.6,26.1,33.9,137.6,0.7,2.4,248.1,0.0,4.9,2.2
2020-04-10 18:00:00,21.4,23.0,20.2,35.5,38.5,31.5,0.0,0.0,0.2,1.0,182.2,0.0,5.5,1.7
2020-04-10 19:00:00,19.9,20.5,19.2,39.0,41.0,36.5,0.0,0.0,0.4,1.4,186.2,0.0,5.5,1.4
2020-04-10 20:00:00,20.3,20.9,18.9,36.9,41.5,34.6,0.0,0.0,0.4,1.7,220.3,0.0,5.0,1.5
2020-04-10 21:00:00,18.6,19.1,18.2,42.1,43.5,41.2,0.0,0.0,0.5,1.4,186.3,0.0,5.5,1.2
2020-04-10 22:00:00,18.4,18.7,18.1,45.5,48.5,43.3,0.0,0.0,0.4,1.3,192.0,0.0,6.5,1.2
2020-04-10 23:00:00,18.0,18.4,17.6,49.9,51.3,48.2,0.0,0.0,0.5,1.5,186.2,0.0,7.4,1.0
2020-05-10 00:00:00,17.6,18.4,17.0,52.4,54.3,49.8,0.0,0.0,0.5,1.4,188.5,0.0,7.8,1.0
2020-05-10 01:00:00,16.5,17.4,16.0,56.5,58.0,53.3,0.0,0.0,0.4,1.3,178.5,0.0,7.8,0.8
2020-05-10 02:00:00,16.1,16.3,15.8,57.7,58.6,56.9,0.0,0.0,0.3,1.2,183.1,0.0,7.8,0.8
2020-05-10 03:00:00,14.9,15.9,14.2,62.0,64.8,58.5,0.0,0.0,0.3,1.1,187.5,0.0,7.7,0.6
2020-05-10 04:00:00,14.0,14.4,13.6,65.1,66.7,63.3,0.0,0.0,0.4,1.4,190.0,0.0,7.6,0.6
2020-05-10 05:00:00,13.9,14.8,13.4,64.9,67.3,60.0,0.0,2.2,0.3,1.0,191.1,0.0,7.4,0.6
2020-05-10 06:00:00,13.6,15.1,13.0,66.8,69.8,60.2,35.8,127.0,0.2,0.9,255.2,0.0,7.6,0.5
2020-05-10 07:00:00,17.9,20.0,15.1,50.5,61.8,42.1,231.1,335.6,0.3,1.9,211.9,0.0,7.4,1.0
2020-05-10 08:00:00,21.0,22.1,19.6,36.9,42.8,31.5,432.1,524.9,0.9,3.7,298.0,0.0,5.7,1.6
2020-05-10 09:00:00,22.5,23.6,21.7,30.8,33.0,28.5,601.7,662.3,1.5,3.8,341.2,0.0,4.4,1.9
2020-05-10 10:00:00,24.0,25.0,23.0,27.2,30.0,24.4,711.8,754.8,1.2,3.8,346.6,0.0,4.0,2.2
2020-05-10 11:00:00,25.1,25.9,24.5,24.3,25.7,22.7,768.0,813.0,1.5,4.1,358.3,0.0,3.2,2.4
2020-05-10 12:00:00,25.4,26.2,24.8,23.8,25.1,22.6,727.2,797.7,1.1,3.7,317.8,0.0,3.3,2.5
2020-05-10 13:00:00,25.7,26.6,24.6,23.2,25.4,21.4,632.9,733.2,1.3,4.3,320.7,0.0,3.1,2.5
2020-05-10 14:00:00,25.9,26.5,25.4,22.1,23.9,20.0,467.6,591.3,1.2,3.6,353.2,0.0,2.7,2.6
2020-05-10 15:00:00,26.5,27.5,25.7,20.1,21.2,18.8,382.7,535.4,1.1,3.7,347.1,0.0,1.7,2.8
2020-05-10 16:00:00,25.2,26.3,24.0,21.5,22.9,19.9,156.7,307.4,1.1,3.3,350.7,0.0,1.7,2.5
2020-05-10 17:00:00,22.8,24.1,21.7,24.2,25.9,22.3,15.8,58.1,0.4,3.0,21.2,0.0,1.3,2.1
2020-05-10 18:00:00,19.7,22.0,18.4,29.4,31.8,24.9,0.0,0.0,0.5,1.2,191.1,0.0,1.3,1.6
2020-05-10 19:00:00,18.2,19.2,17.0,33.3,39.0,29.8,0.0,0.0,0.5,1.4,176.0,0.0,1.7,1.4
2020-05-10 20:00:00,17.3,18.1,16.2,39.2,42.6,36.9,0.0,0.0,0.6,1.5,179.0,0.0,3.3,1.2
2020-05-10 21:00:00,15.9,16.5,15.1,44.6,48.4,42.6,0.0,0.0,0.4,1.4,196.4,0.0,3.9,1.0
2020-05-10 22:00:00,15.1,15.7,14.3,50.0,52.9,48.0,0.0,0.0,0.2,0.9,185.2,0.0,4.8,0.9
2020-05-10 23:00:00,14.0,14.4,13.5,54.5,56.1,52.9,0.0,0.0,0.2,0.9,181.2,0.0,5.0,0.7
2020-06-10 00:00:00,13.4,13.9,12.9,57.1,59.0,55.5,0.0,0.0,0.4,1.1,179.4,0.0,5.1,0.7
2020-06-10 01:00:00,13.1,13.4,12.8,55.8,57.6,54.0,0.0,0.0,0.5,1.2,185.7,0.0,4.5,0.7
2020-06-10 02:00:00,14.0,15.0,12.8,58.1,62.3,54.4,0.0,0.0,0.6,1.9,188.4,0.0,5.9,0.7
2020-06-10 03:00:00,13.2,14.4,12.7,59.8,63.8,54.8,0.0,0.0,0.7,2.0,195.3,0.0,5.6,0.6
2020-06-10 04:00:00,12.0,12.8,11.6,60.3,62.2,57.2,0.0,0.0,0.2,0.9,187.7,0.0,4.6,0.6
2020-06-10 05:00:00,11.7,12.0,11.1,61.8,64.6,59.2,0.0,0.0,0.3,1.1,192.6,0.0,4.6,0.5
2020-06-10 06:00:00,11.7,13.0,11.1,61.7,63.9,59.5,34.3,124.9,0.1,0.5,188.2,0.0,4.6,0.5
2020-06-10 07:00:00,15.9,17.9,12.9,50.1,60.0,43.1,227.4,331.4,0.2,1.4,283.6,0.0,5.5,0.9
2020-06-10 08:00:00,18.6,20.0,17.8,40.8,43.9,36.2,426.0,514.1,0.6,1.6,272.6,0.0,5.0,1.3
2020-06-10 09:00:00,22.1,23.4,19.9,31.2,37.4,27.9,591.6,658.1,0.7,1.9,305.8,0.0,4.3,1.8
2020-06-10 10:00:00,24.4,25.8,23.0,26.7,29.0,24.1,705.4,739.8,0.7,2.1,279.3,0.0,4.1,2.2
2020-06-10 11:00:00,27.1,28.5,25.5,21.4,25.3,18.5,755.5,763.3,0.9,4.0,292.2,0.0,3.1,2.8
2020-06-10 12:00:00,28.7,29.6,27.7,19.1,20.9,17.5,744.6,759.0,0.9,4.2,321.0,0.0,2.8,3.2
2020-06-10 13:00:00,29.2,30.1,28.3,18.8,20.6,17.4,678.3,726.5,1.2,3.2,296.0,0.0,3.1,3.3
2020-06-10 14:00:00,29.9,30.6,29.0,18.2,19.2,17.1,549.7,621.2,0.8,2.6,284.3,0.0,3.2,3.5
2020-06-10 15:00:00,30.4,31.3,29.5,17.5,18.5,16.4,376.0,470.7,0.5,1.8,282.4,0.0,3.0,3.6
2020-06-10 16:00:00,28.3,30.8,25.9,20.9,24.8,17.1,149.2,272.9,1.2,3.6,189.2,0.0,3.7,3.1
2020-06-10 17:00:00,25.0,26.1,24.2,27.1,28.8,24.7,21.6,77.4,1.3,3.4,191.8,0.0,4.8,2.3
2020-06-10 18:00:00,23.8,24.3,23.6,28.9,29.2,28.2,0.0,0.0,1.4,4.4,187.1,0.0,4.7,2.1
2020-06-10 19:00:00,21.9,23.9,20.0,33.9,39.0,28.2,0.0,0.0,0.2,1.1,153.0,0.0,5.2,1.7
2020-06-10 20:00:00,19.4,20.0,18.5,39.7,42.0,37.9,0.0,0.0,0.3,1.0,178.3,0.0,5.4,1.4
2020-06-10 21:00:00,18.1,18.7,17.7,43.7,45.1,41.6,0.0,0.0,0.4,0.9,186.1,0.0,5.5,1.2
2020-06-10 22:00:00,17.1,17.8,16.7,47.6,49.1,45.1,0.0,0.0,0.3,1.1,176.9,0.0,5.9,1.0
2020-06-10 23:00:00,16.6,16.9,16.2,49.9,51.5,48.7,0.0,0.0,0.5,1.1,188.5,0.0,6.1,0.9
2020-07-10 00:00:00,16.0,16.5,15.5,53.3,55.2,51.4,0.0,0.0,0.4,1.2,186.4,0.0,6.5,0.9
2020-07-10 01:00:00,16.8,17.8,15.6,52.1,55.3,49.3,0.0,0.0,0.5,1.8,197.3,0.0,6.9,0.9
2020-07-10 02:00:00,15.7,16.2,15.2,56.9,58.9,55.1,0.0,0.0,0.5,1.4,193.5,0.0,7.2,0.8
2020-07-10 03:00:00,14.9,15.7,14.4,61.6,64.4,58.1,0.0,0.0,0.1,0.9,187.4,0.0,7.6,0.7
2020-07-10 04:00:00,14.4,15.0,14.0,64.8,66.4,62.6,0.0,0.0,0.2,0.9,185.5,0.0,7.9,0.6
2020-07-10 05:00:00,15.0,15.5,14.6,63.0,64.8,60.5,0.0,0.0,0.1,1.0,204.9,0.0,8.0,0.6
2020-07-10 06:00:00,14.7,16.6,13.8,65.7,68.4,60.3,23.0,51.7,0.2,1.0,201.5,0.0,8.3,0.6
2020-07-10 07:00:00,18.5,22.4,15.5,54.7,63.2,42.0,136.7,247.5,0.2,1.3,250.5,0.0,9.0,1.0
2020-07-10 08:00:00,24.8,26.0,22.3,34.5,42.9,31.3,427.1,524.7,0.6,2.5,275.1,0.0,8.0,2.1
2020-07-10 09:00:00,27.1,28.4,26.0,30.2,32.2,28.3,593.4,655.8,0.6,2.1,318.5,0.0,8.2,2.5
2020-07-10 10:00:00,28.9,30.0,27.4,28.3,30.4,26.6,699.3,743.9,0.8,2.4,285.6,0.0,8.7,2.9
2020-07-10 11:00:00,30.9,32.0,29.4,25.5,27.9,23.2,738.5,769.5,0.8,2.9,290.3,0.0,8.9,3.3
2020-07-10 12:00:00,32.7,33.4,31.7,20.0,24.7,16.2,748.7,765.2,0.9,3.8,339.2,0.0,6.7,4.0
2020-07-10 13:00:00,33.3,34.3,32.2,14.9,17.4,12.9,683.6,728.5,0.8,3.4,303.0,0.0,3.1,4.4
2020-07-10 14:00:00,33.1,33.9,32.4,13.1,14.1,11.4,554.8,629.6,0.8,2.2,256.9,0.0,1.1,4.4
2020-07-10 15:00:00,32.6,33.3,31.1,16.8,24.8,12.9,370.3,468.4,0.9,3.8,128.5,0.0,3.8,4.1
2020-07-10 16:00:00,29.5,31.2,28.1,27.2,29.3,24.6,144.0,266.4,1.6,4.8,155.5,0.0,8.6,3.0
2020-07-10 17:00:00,27.2,28.2,26.1,30.8,33.0,29.1,17.0,66.6,1.3,4.2,112.5,0.0,8.5,2.5
2020-07-10 18:00:00,24.6,26.2,23.4,37.0,40.4,33.0,0.0,0.0,0.9,2.9,75.9,0.0,8.9,2.0
2020-07-10 19:00:00,22.2,23.6,20.6,43.8,48.0,40.3,0.0,0.0,0.6,2.5,119.6,0.0,9.3,1.5
2020-07-10 20:00:00,19.8,20.7,19.1,50.1,51.7,47.8,0.0,0.0,0.3,1.0,185.8,0.0,9.1,1.2
2020-07-10 21:00:00,18.8,19.3,18.3,52.4,53.7,51.2,0.0,0.0,0.3,0.8,190.5,0.0,8.9,1.0
2020-07-10 22:00:00,18.0,18.5,17.7,54.8,55.5,53.4,0.0,0.0,0.4,0.9,192.3,0.0,8.8,0.9
2020-07-10 23:00:00,17.5,18.0,16.9,56.6,58.8,54.9,0.0,0.0,0.3,1.1,194.8,0.0,8.8,0.9
2020-08-10 00:00:00,16.7,17.4,16.0,60.1,62.3,57.6,0.0,0.0,0.2,0.7,194.4,0.0,8.9,0.8
2020-08-10 01:00:00,15.8,16.3,15.4,63.5,65.2,61.5,0.0,0.0,0.3,0.9,191.6,0.0,8.9,0.7
2020-08-10 02:00:00,15.6,15.9,15.3,64.5,66.4,63.2,0.0,0.0,0.3,0.9,190.2,0.0,9.0,0.6
2020-08-10 03:00:00,15.2,15.8,14.7,67.1,68.8,65.2,0.0,0.0,0.3,1.0,189.4,0.0,9.1,0.6
2020-08-10 04:00:00,15.2,15.6,14.8,67.5,69.2,66.3,0.0,0.0,0.5,1.4,192.9,0.0,9.2,0.6
2020-08-10 05:00:00,15.2,15.7,14.6,68.2,70.5,66.5,0.0,0.0,0.4,1.1,192.7,0.0,9.4,0.6
2020-08-10 06:00:00,15.6,16.1,15.2,67.4,68.1,66.5,28.6,139.9,0.2,0.8,192.3,0.0,9.6,0.6
2020-08-10 07:00:00,18.4,20.0,16.1,58.6,68.3,52.2,163.4,370.1,0.3,1.3,308.2,0.0,10.1,0.9
2020-08-10 08:00:00,21.4,22.9,20.0,48.9,53.4,44.8,370.9,604.4,0.4,1.4,314.1,0.0,10.2,1.3
2020-08-10 09:00:00,24.2,25.3,22.5,46.1,50.9,42.7,556.2,664.5,0.6,1.7,339.9,0.0,11.9,1.6
2020-08-10 10:00:00,25.6,27.1,24.3,48.7,52.3,44.9,658.7,856.0,0.9,2.6,53.0,0.0,14.0,1.7
2020-08-10 11:00:00,26.9,28.0,25.4,47.4,51.9,43.4,503.4,914.0,1.2,3.4,33.3,0.0,14.7,1.9
2020-08-10 12:00:00,26.7,27.9,25.9,47.3,49.9,43.8,336.3,935.0,1.3,3.6,41.2,0.0,14.5,1.8
2020-08-10 13:00:00,27.0,27.9,26.4,45.7,47.5,41.6,338.0,864.0,1.5,4.0,52.5,0.0,14.3,1.9
2020-08-10 14:00:00,26.9,27.9,26.1,46.1,48.8,43.3,322.4,670.8,1.4,4.6,66.0,0.0,14.3,1.9
2020-08-10 15:00:00,26.8,27.5,26.0,46.1,49.2,43.3,346.6,449.3,1.9,4.5,56.5,0.0,14.3,1.9
2020-08-10 16:00:00,25.5,26.3,24.2,49.1,52.8,47.1,131.8,262.3,1.2,4.2,109.5,0.0,14.0,1.7
2020-08-10 17:00:00,23.3,24.2,22.6,57.6,61.9,52.7,6.6,17.2,0.9,4.1,115.7,0.0,14.5,1.2
2020-08-10 18:00:00,22.1,22.7,21.3,65.6,69.3,61.6,0.0,0.0,1.0,3.7,88.3,0.0,15.4,0.9
2020-08-10 19:00:00,21.0,21.5,20.5,71.6,73.4,68.9,0.0,0.0,0.6,3.2,45.4,0.0,15.6,0.7
2020-08-10 20:00:00,20.0,21.1,18.8,76.3,81.1,72.6,0.0,0.0,0.1,0.9,54.8,0.0,15.7,0.6
2020-08-10 21:00:00,18.5,18.9,18.2,81.3,82.2,80.5,0.0,0.0,0.3,1.0,177.6,0.0,15.3,0.4
2020-08-10 22:00:00,18.1,18.6,17.9,81.9,82.8,81.0,0.0,0.0,0.4,1.0,191.6,0.0,15.0,0.4
2020-08-10 23:00:00,17.8,18.3,17.5,82.8,83.4,82.1,0.0,0.0,0.2,0.9,196.7,0.0,14.9,0.4
2020-09-10 00:00:00,18.1,18.4,17.8,81.8,82.4,81.0,0.0,0.0,0.2,1.0,170.1,0.0,15.0,0.4
2020-09-10 01:00:00,18.0,18.5,17.7,82.3,83.2,81.6,0.0,0.0,0.1,1.0,195.1,0.0,15.0,0.4
2020-09-10 02:00:00,18.1,18.6,17.7,81.9,83.1,80.8,0.0,0.0,0.1,0.6,197.8,0.0,14.9,0.4
2020-09-10 03:00:00,17.7,18.0,17.5,83.2,83.8,82.4,0.0,0.0,0.0,0.6,94.7,0.0,14.9,0.3
2020-09-10 04:00:00,17.6,17.9,17.3,82.3,83.2,80.8,0.0,0.0,0.1,1.0,7.0,0.0,14.5,0.4
2020-09-10 05:00:00,17.1,17.6,16.7,82.3,83.0,81.4,0.0,2.2,0.0,0.3,72.9,0.0,14.1,0.3
2020-09-10 06:00:00,17.1,17.8,16.7,82.4,83.5,81.3,30.4,127.0,0.0,0.3,308.7,0.0,14.1,0.3
2020-09-10 07:00:00,18.7,20.1,17.7,77.0,81.5,71.2,158.1,335.6,0.2,0.9,6.7,0.0,14.6,0.5
2020-09-10 08:00:00,21.3,22.0,20.0,64.9,71.7,61.8,364.4,458.2,0.3,1.2,311.2,0.0,14.5,0.9
2020-09-10 09:00:00,22.8,24.1,21.6,60.1,64.0,56.1,499.8,647.2,0.6,2.0,59.2,0.0,14.6,1.1
2020-09-10 10:00:00,25.2,26.7,23.5,52.4,58.1,47.0,663.4,722.4,0.8,2.4,33.4,0.0,14.8,1.5
2020-09-10 11:00:00,27.4,28.6,26.2,45.0,49.1,39.9,734.7,763.2,0.9,2.7,31.6,0.0,14.4,2.0
2020-09-10 12:00:00,28.7,29.4,27.6,39.3,42.7,35.9,678.4,799.5,0.9,3.1,270.9,0.0,13.5,2.4
2020-09-10 13:00:00,28.4,29.2,28.0,38.7,40.4,36.3,559.6,747.9,1.0,2.9,195.8,0.0,13.0,2.4
2020-09-10 14:00:00,27.7,28.5,26.8,41.7,43.2,39.8,415.9,689.9,1.3,3.6,164.7,0.0,13.5,2.2
2020-09-10 15:00:00,27.0,27.8,25.9,45.4,50.4,41.6,286.0,472.8,1.4,3.7,170.0,0.0,14.2,1.9
2020-09-10 16:00:00,24.9,26.0,24.0,54.1,57.4,50.2,104.5,240.8,1.4,4.1,161.8,0.0,15.0,1.4
2020-09-10 17:00:00,23.4,24.1,22.7,59.6,61.8,57.3,11.8,47.3,1.0,3.0,149.0,0.0,15.1,1.2
2020-09-10 18:00:00,22.3,22.8,21.8,63.4,65.1,61.7,0.0,0.0,0.3,2.0,150.0,0.0,15.0,1.0
2020-09-10 19:00:00,21.0,21.9,20.0,68.0,71.7,64.4,0.0,0.0,0.2,1.4,300.5,0.0,14.9,0.8
2020-09-10 20:00:00,19.7,20.2,19.3,73.1,74.6,71.7,0.0,0.0,0.2,0.8,168.9,0.0,14.8,0.6
2020-09-10 21:00:00,18.9,19.4,18.5,75.2,76.8,73.5,0.0,0.0,0.2,0.7,189.4,0.0,14.4,0.5
2020-09-10 22:00:00,18.4,18.6,18.2,77.7,79.0,76.5,0.0,0.0,0.1,0.5,181.3,0.0,14.5,0.5
2020-09-10 23:00:00,17.8,18.3,17.4,80.2,81.4,78.5,0.0,0.0,0.2,1.0,191.1,0.0,14.4,0.4
2020-10-10 00:00:00,17.2,17.6,16.8,82.5,83.6,81.3,0.0,0.0,0.2,0.9,186.2,0.0,14.2,0.3
2020-10-10 01:00:00,16.6,16.9,16.3,84.4,85.2,83.5,0.0,0.0,0.1,0.9,196.9,0.0,14.0,0.3
2020-10-10 02:00:00,16.3,16.5,16.1,85.2,85.6,84.8,0.0,0.0,0.2,0.7,185.5,0.0,13.8,0.3
2020-10-10 03:00:00,15.8,16.3,15.5,85.8,86.6,84.9,0.0,0.0,0.1,0.6,191.9,0.0,13.5,0.3
2020-10-10 04:00:00,15.5,15.7,15.1,86.9,87.3,86.4,0.0,0.0,0.1,0.8,190.2,0.0,13.3,0.2
2020-10-10 05:00:00,15.2,15.5,14.8,87.5,88.0,86.8,0.0,0.0,0.2,0.8,198.7,0.0,13.2,0.2
2020-10-10 06:00:00,15.5,16.0,15.2,87.7,88.0,87.3,18.3,38.7,0.0,0.8,181.8,0.0,13.5,0.2
2020-10-10 07:00:00,16.9,18.2,15.8,87.3,88.0,85.5,73.0,109.8,0.0,0.5,220.0,0.0,14.8,0.2
2020-10-10 08:00:00,19.1,20.1,18.0,80.4,85.6,75.9,174.5,219.4,0.3,1.2,28.1,0.0,15.6,0.4
2020-10-10 09:00:00,20.8,21.4,20.0,71.4,75.8,68.7,274.0,398.0,0.4,1.3,283.6,0.0,15.4,0.7
2020-10-10 10:00:00,22.5,23.7,21.2,63.9,69.5,58.4,346.2,921.0,0.5,2.2,60.6,0.0,15.3,1.0
2020-10-10 11:00:00,23.7,25.2,22.9,58.8,61.8,52.9,380.1,938.0,0.9,2.8,48.2,0.0,15.1,1.2
2020-10-10 12:00:00,25.3,26.3,24.3,52.7,55.4,49.4,616.8,869.0,1.3,3.2,58.8,0.0,14.9,1.5
2020-10-10 13:00:00,25.4,26.5,24.6,51.4,55.6,47.5,515.6,767.5,1.8,4.7,63.9,0.0,14.7,1.6
2020-10-10 14:00:00,25.5,26.0,24.7,47.8,51.2,45.5,459.6,634.2,1.6,4.0,103.7,0.0,13.7,1.7
2020-10-10 15:00:00,25.3,25.7,24.8,47.6,49.4,46.3,284.3,417.1,1.3,4.6,113.8,0.0,13.4,1.7
2020-10-10 16:00:00,24.1,24.9,23.0,51.8,56.1,49.0,108.2,217.1,1.2,3.4,130.8,0.0,13.6,1.5
2020-10-10 17:00:00,22.3,23.1,21.6,60.1,64.7,56.0,9.7,28.0,1.3,4.1,132.0,0.0,14.2,1.1
2020-10-10 18:00:00,21.3,21.7,21.0,67.1,68.3,64.6,0.0,0.0,1.1,4.0,114.3,0.0,15.0,0.8
2020-10-10 19:00:00,20.8,21.4,20.1,67.6,70.7,65.7,0.0,0.0,0.2,1.5,61.5,0.0,14.6,0.8
2020-10-10 20:00:00,19.4,20.3,18.5,72.9,75.8,69.9,0.0,0.0,0.1,1.1,153.1,0.0,14.4,0.6
2020-10-10 21:00:00,18.4,18.8,17.9,75.0,75.7,74.2,0.0,0.0,0.3,1.0,189.0,0.0,13.8,0.5
2020-10-10 22:00:00,17.7,18.0,17.2,76.7,78.3,75.1,0.0,0.0,0.2,0.9,189.9,0.0,13.6,0.5
2020-10-10 23:00:00,17.1,17.4,16.9,79.3,80.5,78.1,0.0,0.0,0.4,1.0,196.1,0.0,13.5,0.4
2020-11-10 00:00:00,16.8,17.2,16.5,81.2,82.9,79.6,0.0,0.0,0.1,0.7,188.1,0.0,13.6,0.4
2020-11-10 01:00:00,16.6,16.8,16.5,83.4,83.8,82.8,0.0,0.0,0.3,0.9,191.0,0.0,13.8,0.3
2020-11-10 02:00:00,16.8,17.0,16.6,83.4,83.8,83.1,0.0,0.0,0.1,0.7,193.6,0.0,13.9,0.3
2020-11-10 03:00:00,16.8,17.3,16.5,83.4,84.0,82.7,0.0,0.0,0.0,0.7,185.3,0.0,14.0,0.3
2020-11-10 04:00:00,17.3,17.5,17.1,82.2,82.9,81.5,0.0,0.0,0.0,0.6,63.3,0.0,14.3,0.4
2020-11-10 05:00:00,17.3,17.8,17.1,81.3,81.9,80.2,0.0,0.0,0.2,0.9,84.9,0.0,14.1,0.4
2020-11-10 06:00:00,18.1,18.4,17.6,78.9,80.3,77.8,2.3,4.3,0.1,0.9,58.6,0.0,14.4,0.4
2020-11-10 07:00:00,18.4,18.8,18.2,79.8,80.8,78.5,20.7,55.9,0.2,2.1,270.9,0.0,14.9,0.4
2020-11-10 08:00:00,19.1,19.8,18.4,69.6,79.8,57.8,109.2,329.2,0.4,1.7,186.4,0.0,13.4,0.7
2020-11-10 09:00:00,20.4,20.8,19.7,51.0,59.2,47.6,139.4,238.8,0.8,4.2,95.0,0.0,9.9,1.2
2020-11-10 10:00:00,20.5,21.5,19.5,56.3,63.7,50.7,273.7,499.0,0.5,2.2,229.1,0.1,11.5,1.1
2020-11-10 11:00:00,23.1,23.8,21.4,45.1,52.4,41.7,693.7,921.0,1.1,3.5,293.4,0.0,10.6,1.6
2020-11-10 12:00:00,24.4,25.8,23.1,42.7,45.7,39.0,719.9,823.0,1.2,3.5,294.9,0.0,10.9,1.7
2020-11-10 13:00:00,24.5,25.4,23.7,43.3,47.2,38.6,601.0,804.0,0.9,3.3,285.7,0.0,11.2,1.7
2020-11-10 14:00:00,25.5,26.2,24.7,34.5,39.8,31.2,527.3,604.1,0.9,2.6,253.7,0.0,8.7,2.1
2020-11-10 15:00:00,24.6,25.8,22.6,37.1,45.3,29.9,354.1,442.8,1.8,6.3,204.7,0.0,8.9,2.0
2020-11-10 16:00:00,21.9,22.8,20.8,47.4,50.5,44.9,127.8,264.4,2.0,5.4,149.2,0.0,10.2,1.4
2020-11-10 17:00:00,19.9,20.9,19.1,53.4,55.3,50.4,8.5,28.0,1.8,5.3,124.3,0.0,10.2,1.1
2020-11-10 18:00:00,18.7,19.2,18.0,56.9,59.1,55.1,0.0,0.0,1.0,3.9,105.9,0.0,10.0,0.9
2020-11-10 19:00:00,18.0,18.2,17.5,59.0,60.6,58.2,0.0,0.0,0.7,3.0,79.4,0.0,9.9,0.8
2020-11-10 20:00:00,17.0,18.0,15.7,62.7,67.8,58.6,0.0,0.0,0.3,1.8,114.4,0.0,9.9,0.7
2020-11-10 21:00:00,15.6,16.0,15.0,69.0,71.4,67.4,0.0,0.0,0.4,1.1,194.2,0.0,9.9,0.5
2020-11-10 22:00:00,14.8,15.1,14.4,72.1,73.4,70.9,0.0,0.0,0.4,1.0,184.9,0.0,9.8,0.5
2020-11-10 23:00:00,14.7,15.0,14.2,72.1,72.9,71.4,0.0,0.0,0.4,1.2,186.9,0.0,9.7,0.5
2020-12-10 00:00:00,13.4,14.3,12.6,75.8,79.1,72.4,0.0,0.0,0.3,1.0,202.0,0.0,9.2,0.4
2020-12-10 01:00:00,12.4,13.0,11.6,79.6,81.4,78.0,0.0,0.0,0.2,0.8,159.4,0.0,8.9,0.3
2020-12-10 02:00:00,14.2,15.3,11.5,54.7,82.9,39.2,0.0,0.0,0.9,3.2,240.8,0.0,4.8,0.8
2020-12-10 03:00:00,14.7,15.2,13.6,37.4,43.7,34.6,0.0,0.0,0.9,3.1,264.1,0.0,0.3,1.0
2020-12-10 04:00:00,13.9,14.2,13.5,38.3,40.0,37.1,0.0,0.0,1.1,2.7,196.9,0.0,-0.1,1.0
2020-12-10 05:00:00,13.3,14.2,12.8,40.5,42.1,37.4,0.0,0.0,0.8,2.5,199.7,0.0,0.2,0.9
2020-12-10 06:00:00,13.2,13.7,12.7,41.4,42.6,40.6,18.4,120.5,0.8,2.2,198.3,0.0,0.3,0.9
2020-12-10 07:00:00,15.3,16.6,13.6,36.1,40.9,33.1,223.9,327.1,0.9,2.7,217.2,0.0,0.3,1.1
2020-12-10 08:00:00,17.6,18.5,16.6,31.6,34.1,29.7,425.4,516.3,1.0,3.4,291.2,0.0,0.5,1.4
2020-12-10 09:00:00,19.1,20.1,18.2,29.4,31.4,27.0,592.0,658.2,1.3,3.4,323.0,0.0,0.9,1.6
2020-12-10 10:00:00,20.9,21.9,19.9,25.8,27.8,23.4,705.8,744.2,1.1,3.4,334.3,0.0,0.6,1.8
2020-12-10 11:00:00,22.0,22.7,21.3,23.0,25.3,21.0,760.1,767.7,1.0,3.5,316.9,0.0,-0.1,2.0
2020-12-10 12:00:00,22.8,24.1,21.9,21.1,23.2,18.4,749.5,767.7,0.8,2.9,326.3,0.0,-0.6,2.2
2020-12-10 13:00:00,23.8,24.4,23.0,19.1,21.1,17.1,672.2,722.4,0.9,3.0,341.0,0.0,-1.2,2.4
2020-12-10 14:00:00,23.9,24.9,23.0,18.7,20.1,16.7,536.7,617.0,0.6,2.2,58.1,0.0,-1.3,2.4
2020-12-10 15:00:00,24.1,24.9,23.4,18.1,19.5,17.2,355.5,451.5,0.7,2.7,256.1,0.0,-1.6,2.5
2020-12-10 16:00:00,21.7,23.6,19.9,27.4,33.8,17.9,121.0,255.8,1.8,5.9,179.6,0.0,1.8,1.9
2020-12-10 17:00:00,19.3,20.0,18.7,36.5,40.4,33.6,6.3,21.5,2.4,8.3,177.2,0.0,4.0,1.4
2020-12-10 18:00:00,18.1,18.8,17.7,45.5,48.8,40.2,0.0,0.0,2.1,4.9,181.6,0.0,6.2,1.1
2020-12-10 19:00:00,17.5,17.8,17.3,50.7,52.4,48.6,0.0,0.0,1.8,5.3,179.6,0.0,7.2,1.0
2020-12-10 20:00:00,17.1,17.5,16.5,52.3,53.0,51.6,0.0,0.0,1.0,3.8,217.2,0.0,7.2,0.9
2020-12-10 21:00:00,15.3,16.6,14.0,57.8,62.2,52.8,0.0,0.0,0.2,0.7,221.2,0.0,7.0,0.7
2020-12-10 22:00:00,13.5,14.1,12.5,62.4,65.6,61.3,0.0,0.0,0.3,1.2,190.4,0.0,6.5,0.6
2020-12-10 23:00:00,12.0,12.6,11.5,66.2,67.6,65.2,0.0,0.0,0.3,1.1,188.0,0.0,5.9,0.5
2020-10-13 00:00:00,11.5,11.9,11.1,66.1,67.6,64.7,0.0,0.0,0.4,1.1,186.0,0.0,5.4,0.5
2020-10-13 01:00:00,10.9,11.3,10.2,67.0,68.4,65.6,0.0,0.0,0.5,1.2,193.7,0.0,5.0,0.4
2020-10-13 02:00:00,10.2,10.5,9.8,69.5,71.0,68.4,0.0,0.0,0.4,1.4,188.3,0.0,4.9,0.4
2020-10-13 03:00:00,10.0,10.6,9.5,68.7,70.1,67.2,0.0,0.0,0.2,1.0,168.0,0.0,4.5,0.4
2020-10-13 04:00:00,10.2,10.9,9.6,67.9,71.1,62.7,0.0,0.0,0.3,2.0,135.6,0.0,4.6,0.4
2020-10-13 05:00:00,12.1,13.5,10.9,54.6,62.7,45.8,0.0,0.0,0.3,1.8,198.4,0.0,3.2,0.6
2020-10-13 06:00:00,15.6,16.4,12.5,34.7,47.0,32.3,17.0,111.9,0.8,2.2,196.9,0.0,0.0,1.2
2020-10-13 07:00:00,18.6,19.8,15.9,31.5,35.9,28.7,214.7,344.2,0.6,2.3,227.7,0.0,1.4,1.5
2020-10-13 08:00:00,20.6,22.4,19.3,29.4,33.2,25.6,383.8,507.6,0.6,1.9,256.8,0.0,2.1,1.7
2020-10-13 09:00:00,23.0,24.6,22.0,24.6,27.2,21.4,563.5,640.8,0.7,2.2,281.9,0.0,1.7,2.1
2020-10-13 10:00:00,24.7,25.6,23.8,21.8,23.3,20.7,627.8,718.2,0.9,2.9,246.9,0.0,1.4,2.4
2020-10-13 11:00:00,27.1,28.3,25.4,20.5,22.1,19.0,727.9,797.7,1.0,3.2,318.3,0.0,2.6,2.8
2020-10-13 12:00:00,28.2,28.9,27.3,20.0,21.6,18.9,726.5,765.4,0.8,2.4,342.3,0.0,3.1,3.1
2020-10-13 13:00:00,28.6,29.5,27.6,19.8,21.3,18.2,661.0,711.4,0.9,3.2,325.2,0.0,3.3,3.1
2020-10-13 14:00:00,28.9,29.7,27.8,19.1,20.5,17.9,522.9,614.7,0.8,2.1,295.0,0.0,3.0,3.2
2020-10-13 15:00:00,26.9,28.9,25.7,21.9,23.7,18.8,258.0,459.9,1.7,5.1,187.3,0.0,3.3,2.8
2020-10-13 16:00:00,24.5,25.8,23.9,25.4,26.2,23.6,69.1,124.7,2.2,5.4,180.0,0.0,3.4,2.3
2020-10-13 17:00:00,23.3,24.1,22.9,26.7,27.6,26.0,10.8,34.4,2.4,6.6,182.7,0.0,3.1,2.1
2020-10-13 18:00:00,22.9,23.1,22.8,27.7,27.9,27.5,0.0,0.0,1.9,4.6,188.2,0.0,3.3,2.0
2020-10-13 19:00:00,21.9,23.1,20.6,30.2,33.1,27.5,0.0,0.0,0.5,3.0,159.5,0.0,3.6,1.8
2020-10-13 20:00:00,19.1,20.7,17.9,37.5,41.2,33.1,0.0,0.0,0.2,0.8,161.3,0.0,4.2,1.4
2020-10-13 21:00:00,17.1,18.3,16.3,42.9,45.8,38.9,0.0,0.0,0.2,1.2,168.2,0.0,4.4,1.1
2020-10-13 22:00:00,15.9,16.3,15.4,46.9,48.2,45.7,0.0,0.0,0.3,0.9,187.1,0.0,4.6,1.0
2020-10-13 23:00:00,15.9,16.3,15.5,46.8,48.3,45.2,0.0,0.0,0.6,1.7,194.2,0.0,4.5,1.0
2020-10-14 00:00:00,15.0,16.1,14.0,50.6,53.9,46.6,0.0,0.0,0.3,1.3,186.1,0.0,4.8,0.8
2020-10-14 01:00:00,13.7,14.3,13.2,54.8,56.8,52.8,0.0,0.0,0.3,1.0,195.6,0.0,4.8,0.7
2020-10-14 02:00:00,12.8,13.3,12.0,58.3,60.4,56.4,0.0,0.0,0.3,0.9,155.4,0.0,4.8,0.6
2020-10-14 03:00:00,12.4,12.7,11.9,59.8,62.5,57.8,0.0,0.0,0.3,1.0,189.1,0.0,4.8,0.6
2020-10-14 04:00:00,12.7,13.1,12.3,57.7,59.2,56.5,0.0,0.0,0.2,0.8,199.1,0.0,4.5,0.6
2020-10-14 05:00:00,12.6,13.0,12.2,57.5,59.4,56.0,0.0,0.0,0.2,0.8,196.0,0.0,4.4,0.6
2020-10-14 06:00:00,12.7,13.5,12.2,57.9,59.5,55.2,22.7,60.3,0.2,0.9,183.7,0.0,4.6,0.6
2020-10-14 07:00:00,15.8,18.4,13.4,49.6,55.3,41.6,180.3,286.2,0.4,2.0,180.5,0.0,5.3,0.9
2020-10-14 08:00:00,21.5,23.1,18.4,31.8,41.7,28.8,410.7,494.7,0.6,2.0,201.6,0.0,4.0,1.8
2020-10-14 09:00:00,23.7,25.8,22.2,29.2,31.2,26.3,589.7,776.3,0.9,2.6,283.3,0.0,4.7,2.1
2020-10-14 10:00:00,24.3,26.2,23.1,28.1,29.9,24.1,491.8,860.0,1.0,3.4,10.2,0.0,4.6,2.2
2020-10-14 11:00:00,25.0,27.0,23.6,25.7,28.5,21.7,454.9,815.0,1.4,4.3,13.5,0.0,4.0,2.4
2020-10-14 12:00:00,26.2,27.4,24.9,22.8,25.3,20.8,602.7,804.0,1.5,4.5,3.2,0.0,3.4,2.6
2020-10-14 13:00:00,25.7,26.8,24.6,22.9,24.6,20.7,362.8,769.7,1.2,4.5,353.0,0.0,2.9,2.5
2020-10-14 14:00:00,24.7,25.5,23.7,24.3,38.7,21.6,179.7,584.8,1.5,5.1,8.1,0.0,2.8,2.4
2020-10-14 15:00:00,22.1,23.8,20.9,50.6,56.8,37.9,133.6,200.0,1.6,3.9,53.5,0.0,11.3,1.3
2020-10-14 16:00:00,20.1,21.0,19.2,59.7,62.8,56.4,70.8,161.3,1.6,5.1,130.1,0.0,12.0,1.0
2020-10-14 17:00:00,18.8,19.4,18.2,64.0,65.9,62.5,5.9,23.7,1.4,5.0,128.0,0.0,11.8,0.8
2020-10-14 18:00:00,18.0,18.4,17.6,67.3,68.8,65.7,0.0,0.0,0.8,3.4,118.5,0.0,11.8,0.7
2020-10-14 19:00:00,16.6,17.7,15.5,70.8,73.3,68.1,0.0,0.0,0.4,2.2,152.3,0.0,11.3,0.6
2020-10-14 20:00:00,15.5,15.9,14.9,72.3,74.9,69.9,0.0,0.0,0.5,2.1,193.4,0.0,10.5,0.5
2020-10-14 21:00:00,14.4,15.0,13.6,74.3,75.7,72.8,0.0,0.0,0.5,1.4,185.0,0.0,9.9,0.4
2020-10-14 22:00:00,13.1,13.7,12.5,75.3,77.1,74.0,0.0,0.0,0.5,1.3,194.3,0.0,8.8,0.4
2020-10-14 23:00:00,12.3,12.9,11.8,77.8,80.3,72.9,0.0,0.0,0.4,1.5,190.6,0.0,8.6,0.3
2020-10-15 00:00:00,13.6,15.2,11.7,51.2,72.9,38.2,0.0,0.0,0.4,1.9,215.1,0.0,3.5,0.8
2020-10-15 01:00:00,11.2,11.8,10.6,60.5,67.8,56.2,0.0,0.0,0.4,1.2,190.5,0.0,3.8,0.5
2020-10-15 02:00:00,11.2,11.9,10.6,50.2,56.9,44.7,0.0,0.0,0.6,1.7,200.9,0.0,1.2,0.7
2020-10-15 03:00:00,11.5,13.4,10.6,46.3,50.5,37.6,0.0,0.0,0.5,1.3,200.1,0.0,0.3,0.7
2020-10-15 04:00:00,13.2,13.7,12.6,37.8,39.8,35.5,0.0,0.0,0.7,1.5,193.7,0.0,-0.9,0.9
2020-10-15 05:00:00,13.3,13.7,13.1,37.0,38.5,35.6,0.0,0.0,0.6,1.9,198.9,0.0,-1.0,1.0
2020-10-15 06:00:00,12.0,13.4,11.3,42.3,45.4,36.9,12.2,49.5,0.4,1.1,197.9,0.0,-0.4,0.8
2020-10-15 07:00:00,15.0,17.1,12.0,34.7,42.3,30.5,206.3,305.6,0.5,2.1,225.3,0.0,-0.5,1.1
2020-10-15 08:00:00,18.3,19.9,16.8,29.6,32.2,26.0,405.4,497.0,0.6,2.5,285.4,0.0,0.2,1.5
2020-10-15 09:00:00,20.6,21.6,19.6,24.9,27.7,22.4,574.0,643.1,1.1,3.3,321.5,0.0,-0.1,1.8
2020-10-15 10:00:00,22.1,23.3,21.1,22.3,24.1,19.8,687.7,724.7,1.2,4.1,342.0,0.0,-0.5,2.1
2020-10-15 11:00:00,22.8,23.8,21.6,21.0,22.9,19.4,740.5,750.5,1.1,4.3,348.6,0.0,-0.7,2.2
2020-10-15 12:00:00,24.0,24.7,23.2,18.9,20.7,17.5,729.2,750.5,1.5,5.0,345.0,0.0,-1.1,2.4
2020-10-15 13:00:00,24.8,25.4,24.0,17.6,18.9,16.1,648.8,698.7,1.1,3.5,345.0,0.0,-1.5,2.6
2020-10-15 14:00:00,24.8,25.2,24.1,17.3,18.4,16.2,512.3,589.1,1.0,3.3,339.0,0.0,-1.7,2.6
2020-10-15 15:00:00,23.6,25.4,22.2,18.8,21.6,16.4,186.8,427.8,0.6,2.4,303.5,0.0,-1.5,2.4
2020-10-15 16:00:00,22.4,23.6,21.6,21.6,23.8,19.1,70.4,210.7,0.2,1.5,321.7,0.0,-0.6,2.1
2020-10-15 17:00:00,20.8,21.9,19.7,28.7,31.9,21.3,4.6,23.7,0.5,2.3,187.0,0.0,1.9,1.8
2020-10-15 18:00:00,18.4,19.7,17.0,34.7,40.3,30.8,0.0,0.0,0.3,1.0,158.9,0.0,2.5,1.4
2020-10-15 19:00:00,17.5,18.0,16.9,38.8,40.4,36.8,0.0,0.0,0.6,1.7,192.6,0.0,3.3,1.2
2020-10-15 20:00:00,17.4,18.1,16.0,41.4,44.8,39.7,0.0,0.0,0.8,2.1,196.2,0.0,4.2,1.2
2020-10-15 21:00:00,15.3,16.1,14.1,44.5,46.1,41.3,0.0,0.0,0.5,1.3,204.7,0.0,3.3,1.0
2020-10-15 22:00:00,14.6,15.6,13.5,42.0,48.6,37.7,0.0,0.0,0.6,1.4,192.6,0.0,1.8,1.0
2020-10-15 23:00:00,12.5,13.8,11.6,48.7,56.5,42.9,0.0,0.0,0.1,0.7,193.2,0.0,2.0,0.7
2020-10-16 00:00:00,12.1,12.4,11.7,46.5,57.3,42.8,0.0,0.0,0.6,1.6,193.3,0.0,0.9,0.8
2020-10-16 01:00:00,12.2,12.5,11.7,42.2,44.3,40.7,0.0,0.0,0.6,1.8,189.8,0.0,-0.3,0.8
2020-10-16 02:00:00,12.0,12.6,11.4,42.7,44.9,40.4,0.0,0.0,0.5,1.2,194.0,0.0,-0.3,0.8
2020-10-16 03:00:00,11.4,11.9,11.1,45.1,46.3,43.7,0.0,0.0,0.6,1.6,194.9,0.0,-0.1,0.7
2020-10-16 04:00:00,10.9,11.3,10.6,47.0,47.9,45.9,0.0,0.0,0.5,1.5,190.3,0.0,0.1,0.7
2020-10-16 05:00:00,10.5,10.8,10.0,48.6,50.6,47.6,0.0,0.0,0.5,1.4,191.7,0.0,0.1,0.7
2020-10-16 06:00:00,10.4,10.8,10.1,49.2,50.3,48.1,11.9,28.0,0.6,1.3,189.8,0.0,0.2,0.6
2020-10-16 07:00:00,13.7,16.2,10.7,41.4,48.6,32.9,199.2,303.5,0.3,1.0,197.9,0.0,0.7,0.9
2020-10-16 08:00:00,17.1,18.0,16.1,31.2,33.7,29.1,400.4,490.5,0.5,1.8,257.9,0.0,-0.1,1.3
2020-10-16 09:00:00,18.7,20.0,17.5,28.5,30.5,25.8,565.1,628.1,0.7,2.4,278.9,0.0,0.1,1.5
2020-10-16 10:00:00,20.6,22.1,19.2,24.8,28.0,21.2,676.2,716.2,0.7,2.3,323.2,0.0,-0.3,1.8
2020-10-16 11:00:00,22.1,23.2,21.0,21.1,23.0,19.3,729.7,739.7,1.0,2.8,17.2,0.0,-1.2,2.1
2020-10-16 12:00:00,22.9,24.1,21.9,19.8,21.8,17.9,715.1,735.4,1.0,2.6,61.8,0.0,-1.4,2.2
2020-10-16 13:00:00,24.1,25.1,23.1,18.1,19.9,16.7,635.9,688.0,0.8,3.1,48.3,0.0,-1.6,2.5
2020-10-16 14:00:00,23.7,24.5,22.9,19.6,21.1,17.7,499.6,576.2,1.2,4.1,161.1,0.0,-0.9,2.4
2020-10-16 15:00:00,22.6,23.3,21.8,21.5,23.2,20.4,325.2,417.1,1.7,6.0,172.7,0.0,-0.5,2.1
2020-10-16 16:00:00,21.0,22.0,20.1,25.0,26.3,22.8,109.3,227.9,2.2,5.2,180.6,0.0,0.2,1.9
2020-10-16 17:00:00,19.5,20.3,18.8,27.0,30.1,24.6,4.9,21.5,2.1,5.0,180.5,0.0,0.0,1.7
2020-10-16 18:00:00,18.5,19.0,18.0,35.9,45.3,29.9,0.0,0.0,1.9,5.1,180.1,0.0,3.0,1.4
2020-10-16 19:00:00,17.2,18.1,16.2,48.2,52.4,45.1,0.0,0.0,0.3,2.3,77.7,0.0,6.2,1.0
2020-10-16 20:00:00,15.0,16.2,14.1,55.8,61.8,51.6,0.0,0.0,0.2,1.0,166.4,0.0,6.2,0.8
2020-10-16 21:00:00,13.5,14.2,12.9,61.1,62.6,59.2,0.0,0.0,0.4,1.1,184.7,0.0,6.2,0.6
2020-10-16 22:00:00,12.5,13.1,12.0,61.1,63.0,58.7,0.0,0.0,0.3,1.1,184.7,0.0,5.2,0.6
2020-10-16 23:00:00,12.1,12.4,11.5,64.6,68.0,62.4,0.0,0.0,0.2,0.8,186.7,0.0,5.6,0.5
2020-10-17 00:00:00,11.4,11.7,11.1,69.2,70.6,67.7,0.0,0.0,0.2,1.0,197.9,0.0,5.9,0.4
2020-10-17 01:00:00,10.5,11.3,9.3,72.3,76.2,69.5,0.0,0.0,0.2,0.9,189.7,0.0,5.7,0.4
2020-10-17 02:00:00,9.8,10.5,9.1,75.7,77.5,74.0,0.0,0.0,0.2,1.0,208.2,0.0,5.8,0.3
2020-10-17 03:00:00,8.8,9.3,8.5,79.0,80.7,76.2,0.0,0.0,0.1,0.6,341.2,0.0,5.4,0.2
2020-10-17 04:00:00,9.1,9.4,8.9,78.1,79.0,77.2,0.0,0.0,0.5,0.9,200.0,0.0,5.5,0.3
2020-10-17 05:00:00,8.9,9.1,8.5,76.2,78.4,73.6,0.0,0.0,0.4,1.1,188.7,0.0,4.9,0.3
2020-10-17 06:00:00,8.3,8.7,8.1,76.5,77.4,75.1,12.2,28.0,0.4,0.9,197.6,0.0,4.5,0.3
2020-10-17 07:00:00,11.2,12.9,8.3,64.2,76.0,55.5,189.8,294.9,0.2,1.6,342.4,0.0,4.6,0.5
2020-10-17 08:00:00,14.5,16.7,12.4,48.4,57.3,39.4,391.0,477.7,0.3,1.3,348.1,0.0,3.7,0.9
2020-10-17 09:00:00,18.2,19.8,16.6,31.9,39.7,26.8,553.9,623.8,0.4,1.4,342.7,0.0,1.2,1.4
2020-10-17 10:00:00,20.8,21.9,19.5,24.6,27.5,22.4,670.8,716.2,0.6,1.8,302.2,0.0,-0.1,1.9
2020-10-17 11:00:00,23.1,24.3,20.9,21.9,25.0,19.6,718.7,735.4,0.5,1.6,264.8,0.0,0.1,2.2
2020-10-17 12:00:00,24.6,25.6,23.9,18.3,20.8,16.4,708.6,724.7,0.8,2.6,88.5,0.0,-1.1,2.5
2020-10-17 13:00:00,25.3,26.0,24.5,16.7,18.5,15.4,626.4,679.4,0.7,2.5,203.7,0.0,-1.7,2.7
2020-10-17 14:00:00,26.0,26.8,25.2,15.8,23.2,14.4,533.9,617.0,0.6,2.5,37.9,0.0,-1.9,2.8
2020-10-17 15:00:00,24.1,25.8,22.8,34.6,37.8,24.0,300.7,414.8,1.6,4.5,181.9,0.0,7.5,2.0
2020-10-17 16:00:00,22.1,22.9,21.4,35.5,37.6,34.4,79.1,122.5,2.1,5.5,177.1,0.0,6.1,1.7
2020-10-17 17:00:00,20.8,21.5,20.4,34.6,38.4,28.8,7.9,36.6,1.9,5.4,176.3,0.0,4.6,1.6
2020-10-17 18:00:00,19.1,20.6,16.9,34.5,44.6,28.7,0.0,0.0,0.6,3.6,69.9,0.0,2.9,1.5
2020-10-17 19:00:00,16.9,17.6,15.8,45.2,48.6,42.9,0.0,0.0,0.3,1.3,109.5,0.0,5.0,1.1
2020-10-17 20:00:00,15.1,15.9,14.2,47.8,49.0,47.1,0.0,0.0,0.3,1.0,181.3,0.0,4.1,0.9
2020-10-17 21:00:00,13.9,14.4,13.4,51.7,54.2,48.8,0.0,0.0,0.2,1.0,193.9,0.0,4.1,0.8
2020-10-17 22:00:00,12.8,13.6,12.3,56.6,59.2,54.0,0.0,0.0,0.3,1.0,195.7,0.0,4.4,0.6
2020-10-17 23:00:00,12.4,13.2,11.8,59.2,61.6,56.2,0.0,0.0,0.4,1.2,194.3,0.0,4.7,0.6
2020-10-18 00:00:00,11.5,12.0,11.0,63.3,65.1,61.3,0.0,0.0,0.3,0.8,196.2,0.0,4.8,0.5
2020-10-18 01:00:00,10.6,11.1,10.1,65.0,67.0,63.3,0.0,0.0,0.2,0.9,192.8,0.0,4.3,0.4
2020-10-18 02:00:00,9.6,10.2,9.3,68.5,69.6,65.5,0.0,0.0,0.1,0.5,194.2,0.0,4.1,0.4
2020-10-18 03:00:00,9.4,9.8,8.9,69.4,72.1,67.2,0.0,0.0,0.1,0.7,189.3,0.0,4.0,0.4
2020-10-18 04:00:00,8.7,9.2,8.3,72.8,75.2,70.3,0.0,0.0,0.1,1.1,200.9,0.0,4.1,0.3
2020-10-18 05:00:00,9.2,9.4,9.1,71.6,73.3,71.0,0.0,0.0,0.6,1.3,192.4,0.0,4.4,0.3
2020-10-18 06:00:00,9.2,9.4,8.9,71.9,72.8,69.9,13.0,32.3,0.4,1.1,196.1,0.0,4.4,0.3
2020-10-18 07:00:00,12.5,15.9,9.4,58.3,70.1,42.2,179.6,286.3,0.1,1.0,186.4,0.0,4.4,0.6
2020-10-18 08:00:00,16.3,18.1,15.6,39.8,44.1,33.7,380.0,469.0,0.3,1.3,15.2,0.0,2.6,1.1
2020-10-18 09:00:00,18.9,20.6,17.7,32.2,35.3,27.3,537.6,617.4,0.5,2.0,291.4,0.0,1.9,1.5
2020-10-18 10:00:00,21.2,22.4,20.1,27.1,28.7,25.6,644.0,688.2,0.6,1.9,332.1,0.0,1.5,1.8
2020-10-18 11:00:00,23.3,25.0,21.5,25.5,27.9,23.1,703.3,711.8,0.7,2.4,45.8,0.0,2.4,2.1
2020-10-18 12:00:00,25.0,26.1,24.0,24.3,26.4,22.7,690.6,707.5,1.0,2.8,46.0,0.0,3.3,2.4
2020-10-18 13:00:00,25.8,26.6,25.1,25.4,27.1,23.2,617.1,668.6,1.5,4.1,74.4,0.0,4.6,2.5
2020-10-18 14:00:00,24.9,25.5,24.2,27.8,30.1,24.9,483.3,561.1,1.4,4.1,127.5,0.0,5.1,2.3
2020-10-18 15:00:00,24.2,25.0,23.6,27.8,29.4,26.0,307.6,402.0,1.4,4.3,135.0,0.0,4.4,2.2
2020-10-18 16:00:00,22.6,23.7,21.3,32.5,37.8,26.1,107.7,221.4,1.3,3.8,128.3,0.0,5.3,1.9
2020-10-18 17:00:00,20.3,21.3,19.2,40.6,44.8,37.0,5.3,25.8,0.9,3.4,101.3,0.0,6.4,1.4
2020-10-18 18:00:00,18.9,19.5,17.7,45.0,49.0,42.0,0.0,0.0,0.6,2.8,83.1,0.0,6.7,1.2
2020-10-18 19:00:00,15.9,17.7,15.1,53.0,58.6,48.3,0.0,0.0,0.3,1.2,205.6,0.0,6.3,0.9
2020-10-18 20:00:00,14.3,15.3,13.6,54.3,57.1,52.3,0.0,0.0,0.5,1.2,182.8,0.0,5.2,0.7
2020-10-18 21:00:00,13.7,14.4,12.6,56.8,59.6,53.3,0.0,0.0,0.4,1.4,190.2,0.0,5.3,0.7
2020-10-18 22:00:00,12.7,13.0,12.3,61.9,65.2,59.2,0.0,0.0,0.4,1.1,199.6,0.0,5.6,0.6
2020-10-18 23:00:00,12.2,12.6,11.7,69.0,73.1,63.8,0.0,0.0,0.3,1.3,203.1,0.0,6.6,0.4
2020-10-19 00:00:00,11.2,12.2,10.9,75.7,78.8,71.7,0.0,0.0,0.1,0.5,206.5,0.0,7.1,0.3
2020-10-19 01:00:00,10.6,11.0,10.3,80.4,81.9,77.7,0.0,0.0,0.1,0.7,192.9,0.0,7.4,0.3
2020-10-19 02:00:00,10.4,11.3,9.8,80.0,81.3,78.1,0.0,0.0,0.0,0.8,161.5,0.0,7.1,0.3
2020-10-19 03:00:00,11.5,12.1,10.6,78.8,80.5,77.6,0.0,0.0,0.1,1.0,229.1,0.0,7.9,0.3
2020-10-19 04:00:00,11.1,11.8,10.1,78.1,79.6,77.4,0.0,0.0,0.0,0.5,348.1,0.0,7.5,0.3
2020-10-19 05:00:00,10.0,10.4,9.7,82.1,83.6,79.5,0.0,0.0,0.0,0.6,272.7,0.0,7.1,0.2
2020-10-19 06:00:00,10.5,11.3,9.7,84.3,85.2,82.6,14.9,49.5,0.2,1.0,186.5,0.0,8.0,0.2
2020-10-19 07:00:00,12.6,13.5,11.2,76.9,83.6,70.7,108.4,144.2,0.4,1.4,347.9,0.0,8.6,0.3
2020-10-19 08:00:00,15.0,16.9,13.4,65.6,70.9,61.0,264.1,389.5,0.5,1.7,299.5,0.0,8.6,0.6
