,recvTime
0,2020-07-13 10:00:00
1,2020-07-13 11:00:00
2,2020-07-13 12:00:00
3,2020-07-13 13:00:00
4,2020-07-13 14:00:00
5,2020-07-13 15:00:00
6,2020-07-13 16:00:00
7,2020-07-13 17:00:00
8,2020-07-13 18:00:00
9,2020-07-13 19:00:00
10,2020-07-13 20:00:00
11,2020-07-13 21:00:00
12,2020-07-13 22:00:00
13,2020-07-13 23:00:00
14,2020-07-14 00:00:00
15,2020-07-14 01:00:00
16,2020-07-14 02:00:00
17,2020-07-14 03:00:00
18,2020-07-14 04:00:00
19,2020-07-14 05:00:00
20,2020-07-14 06:00:00
21,2020-07-14 07:00:00
22,2020-07-14 08:00:00
23,2020-07-14 09:00:00
24,2020-07-14 10:00:00
25,2020-07-14 11:00:00
26,2020-07-14 12:00:00
27,2020-07-14 13:00:00
28,2020-07-14 14:00:00
29,2020-07-14 15:00:00
30,2020-07-14 16:00:00
31,2020-07-14 17:00:00
32,2020-07-14 18:00:00
33,2020-07-14 19:00:00
34,2020-07-14 20:00:00
35,2020-07-14 21:00:00
36,2020-07-14 22:00:00
37,2020-07-14 23:00:00
38,2020-07-15 00:00:00
39,2020-07-15 01:00:00
40,2020-07-15 02:00:00
41,2020-07-15 03:00:00
42,2020-07-15 04:00:00
43,2020-07-15 05:00:00
44,2020-07-15 06:00:00
45,2020-07-15 07:00:00
46,2020-07-15 08:00:00
47,2020-07-15 09:00:00
48,2020-07-15 10:00:00
49,2020-07-15 11:00:00
50,2020-07-15 12:00:00
51,2020-07-15 13:00:00
52,2020-07-15 14:00:00
53,2020-07-15 15:00:00
54,2020-07-15 16:00:00
55,2020-07-15 17:00:00
56,2020-07-15 18:00:00
57,2020-07-15 19:00:00
58,2020-07-15 20:00:00
59,2020-07-15 21:00:00
60,2020-07-15 22:00:00
61,2020-07-15 23:00:00
62,2020-07-16 00:00:00
63,2020-07-16 01:00:00
64,2020-07-16 02:00:00
65,2020-07-16 03:00:00
66,2020-07-16 04:00:00
67,2020-07-16 05:00:00
68,2020-07-16 06:00:00
69,2020-07-16 07:00:00
70,2020-07-16 08:00:00
71,2020-07-16 09:00:00
72,2020-07-16 10:00:00
73,2020-07-16 11:00:00
74,2020-07-16 12:00:00
75,2020-07-16 13:00:00
76,2020-07-16 14:00:00
77,2020-07-16 15:00:00
78,2020-07-16 16:00:00
79,2020-07-16 17:00:00
80,2020-07-16 18:00:00
81,2020-07-16 19:00:00
82,2020-07-16 20:00:00
83,2020-07-16 21:00:00
84,2020-07-16 22:00:00
85,2020-07-16 23:00:00
86,2020-07-17 00:00:00
87,2020-07-17 01:00:00
88,2020-07-17 02:00:00
89,2020-07-17 03:00:00
90,2020-07-17 04:00:00
91,2020-07-17 05:00:00
92,2020-07-17 06:00:00
93,2020-07-17 07:00:00
94,2020-07-17 08:00:00
95,2020-07-17 09:00:00
96,2020-07-17 10:00:00
97,2020-07-17 11:00:00
98,2020-07-17 12:00:00
99,2020-07-17 13:00:00
100,2020-07-17 14:00:00
101,2020-07-17 15:00:00
102,2020-07-17 16:00:00
103,2020-07-17 17:00:00
104,2020-07-17 18:00:00
105,2020-07-17 19:00:00
106,2020-07-17 20:00:00
107,2020-07-17 21:00:00
108,2020-07-17 22:00:00
109,2020-07-17 23:00:00
110,2020-07-18 00:00:00
111,2020-07-18 01:00:00
112,2020-07-18 02:00:00
113,2020-07-18 03:00:00
114,2020-07-18 04:00:00
115,2020-07-18 05:00:00
116,2020-07-18 06:00:00
117,2020-07-18 07:00:00
118,2020-07-18 08:00:00
119,2020-07-18 09:00:00
120,2020-07-18 10:00:00
121,2020-07-18 11:00:00
122,2020-07-18 12:00:00
123,2020-07-18 13:00:00
124,2020-07-18 14:00:00
125,2020-07-18 15:00:00
126,2020-07-18 16:00:00
127,2020-07-18 17:00:00
128,2020-07-18 18:00:00
129,2020-07-18 19:00:00
130,2020-07-18 20:00:00
131,2020-07-18 21:00:00
132,2020-07-18 22:00:00
133,2020-07-18 23:00:00
134,2020-07-19 00:00:00
135,2020-07-19 01:00:00
136,2020-07-19 02:00:00
137,2020-07-19 03:00:00
138,2020-07-19 04:00:00
139,2020-07-19 05:00:00
140,2020-07-19 06:00:00
141,2020-07-19 07:00:00
142,2020-07-19 08:00:00
143,2020-07-19 09:00:00
144,2020-07-19 10:00:00
145,2020-07-19 11:00:00
146,2020-07-19 12:00:00
147,2020-07-19 13:00:00
148,2020-07-19 14:00:00
149,2020-07-19 15:00:00
150,2020-07-19 16:00:00
151,2020-07-19 17:00:00
152,2020-07-19 18:00:00
153,2020-07-19 19:00:00
154,2020-07-19 20:00:00
155,2020-07-19 21:00:00
156,2020-07-19 22:00:00
157,2020-07-19 23:00:00
158,2020-07-20 00:00:00
159,2020-07-20 01:00:00
160,2020-07-20 02:00:00
161,2020-07-20 03:00:00
162,2020-07-20 04:00:00
163,2020-07-20 05:00:00
164,2020-07-20 06:00:00
165,2020-07-20 07:00:00
166,2020-07-20 08:00:00
167,2020-07-20 09:00:00
168,2020-07-20 10:00:00
169,2020-07-20 11:00:00
170,2020-07-20 12:00:00
171,2020-07-20 13:00:00
172,2020-07-20 14:00:00
173,2020-07-20 15:00:00
174,2020-07-20 16:00:00
175,2020-07-20 17:00:00
176,2020-07-20 18:00:00
177,2020-07-20 19:00:00
178,2020-07-20 20:00:00
179,2020-07-20 21:00:00
180,2020-07-20 22:00:00
181,2020-07-20 23:00:00
182,2020-07-21 00:00:00
183,2020-07-21 01:00:00
184,2020-07-21 02:00:00
185,2020-07-21 03:00:00
186,2020-07-21 04:00:00
187,2020-07-21 05:00:00
188,2020-07-21 06:00:00
189,2020-07-21 07:00:00
190,2020-07-21 08:00:00
191,2020-07-21 09:00:00
192,2020-07-21 10:00:00
193,2020-07-21 11:00:00
194,2020-07-21 12:00:00
195,2020-07-21 13:00:00
196,2020-07-21 14:00:00
197,2020-07-21 15:00:00
198,2020-07-21 16:00:00
199,2020-07-21 17:00:00
200,2020-07-21 18:00:00
201,2020-07-21 19:00:00
202,2020-07-21 20:00:00
203,2020-07-21 21:00:00
204,2020-07-21 22:00:00
205,2020-07-21 23:00:00
206,2020-07-22 00:00:00
207,2020-07-22 01:00:00
208,2020-07-22 02:00:00
209,2020-07-22 03:00:00
210,2020-07-22 04:00:00
211,2020-07-22 05:00:00
212,2020-07-22 06:00:00
213,2020-07-22 07:00:00
214,2020-07-22 08:00:00
215,2020-07-22 09:00:00
216,2020-07-22 10:00:00
217,2020-07-22 11:00:00
218,2020-07-22 12:00:00
219,2020-07-22 13:00:00
220,2020-07-22 14:00:00
221,2020-07-22 15:00:00
222,2020-07-22 16:00:00
223,2020-07-22 17:00:00
224,2020-07-22 18:00:00
225,2020-07-22 19:00:00
226,2020-07-22 20:00:00
227,2020-07-22 21:00:00
228,2020-07-22 22:00:00
229,2020-07-22 23:00:00
230,2020-07-23 00:00:00
231,2020-07-23 01:00:00
232,2020-07-23 02:00:00
233,2020-07-23 03:00:00
234,2020-07-23 04:00:00
235,2020-07-23 05:00:00
236,2020-07-23 06:00:00
237,2020-07-23 07:00:00
238,2020-07-23 08:00:00
239,2020-07-23 09:00:00
240,2020-07-23 10:00:00
241,2020-07-23 11:00:00
242,2020-07-23 12:00:00
243,2020-07-23 13:00:00
244,2020-07-23 14:00:00
245,2020-07-23 15:00:00
246,2020-07-23 16:00:00
247,2020-07-23 17:00:00
248,2020-07-23 18:00:00
249,2020-07-23 19:00:00
250,2020-07-23 20:00:00
251,2020-07-23 21:00:00
252,2020-07-23 22:00:00
253,2020-07-23 23:00:00
254,2020-07-24 00:00:00
255,2020-07-24 01:00:00
256,2020-07-24 02:00:00
257,2020-07-24 03:00:00
258,2020-07-24 04:00:00
259,2020-07-24 05:00:00
260,2020-07-24 06:00:00
261,2020-07-24 07:00:00
262,2020-07-24 08:00:00
263,2020-07-24 09:00:00
264,2020-07-24 10:00:00
265,2020-07-24 11:00:00
266,2020-07-24 12:00:00
267,2020-07-24 13:00:00
268,2020-07-24 14:00:00
269,2020-07-24 15:00:00
270,2020-07-24 16:00:00
271,2020-07-24 17:00:00
272,2020-07-24 18:00:00
273,2020-07-24 19:00:00
274,2020-07-24 20:00:00
275,2020-07-24 21:00:00
276,2020-07-24 22:00:00
277,2020-07-24 23:00:00
278,2020-07-25 00:00:00
279,2020-07-25 01:00:00
280,2020-07-25 02:00:00
281,2020-07-25 03:00:00
282,2020-07-25 04:00:00
283,2020-07-25 05:00:00
284,2020-07-25 06:00:00
285,2020-07-25 07:00:00
286,2020-07-25 08:00:00
287,2020-07-25 09:00:00
288,2020-07-25 10:00:00
289,2020-07-25 11:00:00
290,2020-07-25 12:00:00
291,2020-07-25 13:00:00
292,2020-07-25 14:00:00
293,2020-07-25 15:00:00
294,2020-07-25 16:00:00
295,2020-07-25 17:00:00
296,2020-07-25 18:00:00
297,2020-07-25 19:00:00
298,2020-07-25 20:00:00
299,2020-07-25 21:00:00
300,2020-07-25 22:00:00
301,2020-07-25 23:00:00
302,2020-07-26 00:00:00
303,2020-07-26 01:00:00
304,2020-07-26 02:00:00
305,2020-07-26 03:00:00
306,2020-07-26 04:00:00
307,2020-07-26 05:00:00
308,2020-07-26 06:00:00
309,2020-07-26 07:00:00
310,2020-07-26 08:00:00
311,2020-07-26 09:00:00
312,2020-07-26 10:00:00
313,2020-07-26 11:00:00
314,2020-07-26 12:00:00
315,2020-07-26 13:00:00
316,2020-07-26 14:00:00
317,2020-07-26 15:00:00
318,2020-07-26 16:00:00
319,2020-07-26 17:00:00
320,2020-07-26 18:00:00
321,2020-07-26 19:00:00
322,2020-07-26 20:00:00
323,2020-07-26 21:00:00
324,2020-07-26 22:00:00
325,2020-07-26 23:00:00
326,2020-07-27 00:00:00
327,2020-07-27 01:00:00
328,2020-07-27 02:00:00
329,2020-07-27 03:00:00
330,2020-07-27 04:00:00
331,2020-07-27 05:00:00
332,2020-07-27 06:00:00
333,2020-07-27 07:00:00
334,2020-07-27 08:00:00
335,2020-07-27 09:00:00
336,2020-07-27 10:00:00
337,2020-07-27 11:00:00
338,2020-07-27 12:00:00
339,2020-07-27 13:00:00
340,2020-07-27 14:00:00
341,2020-07-27 15:00:00
342,2020-07-27 16:00:00
343,2020-07-27 17:00:00
344,2020-07-27 18:00:00
345,2020-07-27 19:00:00
346,2020-07-27 20:00:00
347,2020-07-27 21:00:00
348,2020-07-27 22:00:00
349,2020-07-27 23:00:00
350,2020-07-28 00:00:00
351,2020-07-28 01:00:00
352,2020-07-28 02:00:00
353,2020-07-28 03:00:00
354,2020-07-28 04:00:00
355,2020-07-28 05:00:00
356,2020-07-28 06:00:00
357,2020-07-28 07:00:00
358,2020-07-28 08:00:00
359,2020-07-28 09:00:00
360,2020-07-28 10:00:00
361,2020-07-28 11:00:00
362,2020-07-28 12:00:00
363,2020-07-28 13:00:00
364,2020-07-28 14:00:00
365,2020-07-28 15:00:00
366,2020-07-28 16:00:00
367,2020-07-28 17:00:00
368,2020-07-28 18:00:00
369,2020-07-28 19:00:00
370,2020-07-28 20:00:00
371,2020-07-28 21:00:00
372,2020-07-28 22:00:00
373,2020-07-28 23:00:00
374,2020-07-29 00:00:00
375,2020-07-29 01:00:00
376,2020-07-29 02:00:00
377,2020-07-29 03:00:00
378,2020-07-29 04:00:00
379,2020-07-29 05:00:00
380,2020-07-29 06:00:00
381,2020-07-29 07:00:00
382,2020-07-29 08:00:00
383,2020-07-29 09:00:00
384,2020-07-29 10:00:00
385,2020-07-29 11:00:00
386,2020-07-29 12:00:00
387,2020-07-29 13:00:00
388,2020-07-29 14:00:00
389,2020-07-29 15:00:00
390,2020-07-29 16:00:00
391,2020-07-29 17:00:00
392,2020-07-29 18:00:00
393,2020-07-29 19:00:00
394,2020-07-29 20:00:00
395,2020-07-29 21:00:00
396,2020-07-29 22:00:00
397,2020-07-29 23:00:00
398,2020-07-30 00:00:00
399,2020-07-30 01:00:00
400,2020-07-30 02:00:00
401,2020-07-30 03:00:00
402,2020-07-30 04:00:00
403,2020-07-30 05:00:00
404,2020-07-30 06:00:00
405,2020-07-30 07:00:00
406,2020-07-30 08:00:00
407,2020-07-30 09:00:00
408,2020-07-30 10:00:00
409,2020-07-30 11:00:00
410,2020-07-30 12:00:00
411,2020-07-30 13:00:00
412,2020-07-30 14:00:00
413,2020-07-30 15:00:00
414,2020-07-30 16:00:00
415,2020-07-30 17:00:00
416,2020-07-30 18:00:00
417,2020-07-30 19:00:00
418,2020-07-30 20:00:00
419,2020-07-30 21:00:00
420,2020-07-30 22:00:00
421,2020-07-30 23:00:00
422,2020-07-31 00:00:00
423,2020-07-31 01:00:00
424,2020-07-31 02:00:00
425,2020-07-31 03:00:00
426,2020-07-31 04:00:00
427,2020-07-31 05:00:00
428,2020-07-31 06:00:00
429,2020-07-31 07:00:00
430,2020-07-31 08:00:00
431,2020-07-31 09:00:00
432,2020-07-31 10:00:00
433,2020-07-31 11:00:00
434,2020-07-31 12:00:00
435,2020-07-31 13:00:00
436,2020-07-31 14:00:00
437,2020-07-31 15:00:00
438,2020-07-31 16:00:00
439,2020-07-31 17:00:00
440,2020-07-31 18:00:00
441,2020-07-31 19:00:00
442,2020-07-31 20:00:00
443,2020-07-31 21:00:00
444,2020-07-31 22:00:00
445,2020-07-31 23:00:00
446,2020-09-29 09:00:00
447,2020-09-29 10:00:00
448,2020-09-29 11:00:00
449,2020-09-29 12:00:00
450,2020-09-29 13:00:00
451,2020-09-29 14:00:00
452,2020-09-29 15:00:00
453,2020-09-29 16:00:00
454,2020-09-29 17:00:00
455,2020-09-29 18:00:00
456,2020-09-29 19:00:00
457,2020-09-29 20:00:00
458,2020-09-29 21:00:00
459,2020-09-29 22:00:00
460,2020-09-29 23:00:00
461,2020-09-30 00:00:00
462,2020-09-30 01:00:00
463,2020-09-30 02:00:00
464,2020-09-30 03:00:00
465,2020-09-30 04:00:00
466,2020-09-30 05:00:00
467,2020-09-30 06:00:00
468,2020-09-30 07:00:00
469,2020-09-30 08:00:00
470,2020-09-30 09:00:00
471,2020-09-30 10:00:00
472,2020-09-30 11:00:00
473,2020-09-30 12:00:00
474,2020-09-30 13:00:00
475,2020-09-30 14:00:00
476,2020-09-30 15:00:00
477,2020-09-30 16:00:00
478,2020-09-30 17:00:00
479,2020-09-30 18:00:00
480,2020-09-30 19:00:00
481,2020-09-30 20:00:00
482,2020-09-30 21:00:00
483,2020-09-30 22:00:00
484,2020-09-30 23:00:00
485,2020-10-01 00:00:00
486,2020-10-01 01:00:00
487,2020-10-01 02:00:00
488,2020-10-01 03:00:00
489,2020-10-01 04:00:00
490,2020-10-01 05:00:00
491,2020-10-01 06:00:00
492,2020-10-01 07:00:00
493,2020-10-01 08:00:00
494,2020-10-01 09:00:00
495,2020-10-01 10:00:00
496,2020-10-01 11:00:00
497,2020-10-01 12:00:00
498,2020-10-01 13:00:00
499,2020-10-01 14:00:00
500,2020-10-01 15:00:00
501,2020-10-01 16:00:00
502,2020-10-01 17:00:00
503,2020-10-01 18:00:00
504,2020-10-01 19:00:00
505,2020-10-01 20:00:00
506,2020-10-01 21:00:00
507,2020-10-01 22:00:00
508,2020-10-01 23:00:00
509,2020-10-02 00:00:00
510,2020-10-02 01:00:00
511,2020-10-02 02:00:00
512,2020-10-02 03:00:00
513,2020-10-02 04:00:00
514,2020-10-02 05:00:00
515,2020-10-02 06:00:00
516,2020-10-02 07:00:00
517,2020-10-02 08:00:00
518,2020-10-02 09:00:00
519,2020-10-02 10:00:00
520,2020-10-02 11:00:00
521,2020-10-02 12:00:00
522,2020-10-02 13:00:00
523,2020-10-02 14:00:00
524,2020-10-02 15:00:00
525,2020-10-02 16:00:00
526,2020-10-02 17:00:00
527,2020-10-02 18:00:00
528,2020-10-02 19:00:00
529,2020-10-02 20:00:00
530,2020-10-02 21:00:00
531,2020-10-02 22:00:00
532,2020-10-02 23:00:00
533,2020-10-03 00:00:00
534,2020-10-03 01:00:00
535,2020-10-03 02:00:00
536,2020-10-03 03:00:00
537,2020-10-03 04:00:00
538,2020-10-03 05:00:00
539,2020-10-03 06:00:00
540,2020-10-03 07:00:00
541,2020-10-03 08:00:00
542,2020-10-03 09:00:00
543,2020-10-03 10:00:00
544,2020-10-03 11:00:00
545,2020-10-03 12:00:00
546,2020-10-03 13:00:00
547,2020-10-03 14:00:00
548,2020-10-03 15:00:00
549,2020-10-03 16:00:00
550,2020-10-03 17:00:00
551,2020-10-03 18:00:00
552,2020-10-03 19:00:00
553,2020-10-03 20:00:00
554,2020-10-03 21:00:00
555,2020-10-03 22:00:00
556,2020-10-03 23:00:00
557,2020-10-04 00:00:00
558,2020-10-04 01:00:00
559,2020-10-04 02:00:00
560,2020-10-04 03:00:00
561,2020-10-04 04:00:00
562,2020-10-04 05:00:00
563,2020-10-04 06:00:00
564,2020-10-04 07:00:00
565,2020-10-04 08:00:00
566,2020-10-04 09:00:00
567,2020-10-04 10:00:00
568,2020-10-04 11:00:00
569,2020-10-04 12:00:00
570,2020-10-04 13:00:00
571,2020-10-04 14:00:00
572,2020-10-04 15:00:00
573,2020-10-04 16:00:00
574,2020-10-04 17:00:00
575,2020-10-04 18:00:00
576,2020-10-04 19:00:00
577,2020-10-04 20:00:00
578,2020-10-04 21:00:00
579,2020-10-04 22:00:00
580,2020-10-04 23:00:00
581,2020-10-05 00:00:00
582,2020-10-05 01:00:00
583,2020-10-05 02:00:00
584,2020-10-05 03:00:00
585,2020-10-05 04:00:00
586,2020-10-05 05:00:00
587,2020-10-05 06:00:00
588,2020-10-05 07:00:00
589,2020-10-05 08:00:00
590,2020-10-05 09:00:00
591,2020-10-05 10:00:00
592,2020-10-05 11:00:00
593,2020-10-05 12:00:00
594,2020-10-05 13:00:00
595,2020-10-05 14:00:00
596,2020-10-05 15:00:00
597,2020-10-05 16:00:00
598,2020-10-05 17:00:00
599,2020-10-05 18:00:00
600,2020-10-05 19:00:00
601,2020-10-05 20:00:00
602,2020-10-05 21:00:00
603,2020-10-05 22:00:00
604,2020-10-05 23:00:00
605,2020-10-06 00:00:00
606,2020-10-06 01:00:00
607,2020-10-06 02:00:00
608,2020-10-06 03:00:00
609,2020-10-06 04:00:00
610,2020-10-06 05:00:00
611,2020-10-06 06:00:00
612,2020-10-06 07:00:00
613,2020-10-06 08:00:00
614,2020-10-06 09:00:00
615,2020-10-06 10:00:00
616,2020-10-06 11:00:00
617,2020-10-06 12:00:00
618,2020-10-06 13:00:00
619,2020-10-06 14:00:00
620,2020-10-06 15:00:00
621,2020-10-06 16:00:00
622,2020-10-06 17:00:00
623,2020-10-06 18:00:00
624,2020-10-06 19:00:00
625,2020-10-06 20:00:00
626,2020-10-06 21:00:00
627,2020-10-06 22:00:00
628,2020-10-06 23:00:00
629,2020-10-07 00:00:00
630,2020-10-07 01:00:00
631,2020-10-07 02:00:00
632,2020-10-07 03:00:00
633,2020-10-07 04:00:00
634,2020-10-07 05:00:00
635,2020-10-07 06:00:00
636,2020-10-07 07:00:00
637,2020-10-07 08:00:00
638,2020-10-07 09:00:00
639,2020-10-07 10:00:00
640,2020-10-07 11:00:00
641,2020-10-07 12:00:00
642,2020-10-07 13:00:00
643,2020-10-07 14:00:00
644,2020-10-07 15:00:00
645,2020-10-07 16:00:00
646,2020-10-07 17:00:00
647,2020-10-07 18:00:00
648,2020-10-07 19:00:00
649,2020-10-07 20:00:00
650,2020-10-07 21:00:00
651,2020-10-07 22:00:00
652,2020-10-07 23:00:00
653,2020-10-08 00:00:00
654,2020-10-08 01:00:00
655,2020-10-08 02:00:00
656,2020-10-08 03:00:00
657,2020-10-08 04:00:00
658,2020-10-08 05:00:00
659,2020-10-08 06:00:00
660,2020-10-08 07:00:00
661,2020-10-08 08:00:00
662,2020-10-08 09:00:00
663,2020-10-08 10:00:00
664,2020-10-08 11:00:00
665,2020-10-08 12:00:00
666,2020-10-08 13:00:00
667,2020-10-08 14:00:00
668,2020-10-08 15:00:00
669,2020-10-08 16:00:00
670,2020-10-08 17:00:00
671,2020-10-08 18:00:00
672,2020-10-08 19:00:00
673,2020-10-08 20:00:00
674,2020-10-08 21:00:00
675,2020-10-08 22:00:00
676,2020-10-08 23:00:00
677,2020-10-09 00:00:00
678,2020-10-09 01:00:00
679,2020-10-09 02:00:00
680,2020-10-09 03:00:00
681,2020-10-09 04:00:00
682,2020-10-09 05:00:00
683,2020-10-09 06:00:00
684,2020-10-09 07:00:00
685,2020-10-09 08:00:00
686,2020-10-09 09:00:00
687,2020-10-09 10:00:00
688,2020-10-09 11:00:00
689,2020-10-09 12:00:00
690,2020-10-09 13:00:00
691,2020-10-09 14:00:00
692,2020-10-09 15:00:00
693,2020-10-09 16:00:00
694,2020-10-09 17:00:00
695,2020-10-09 18:00:00
696,2020-10-09 19:00:00
697,2020-10-09 20:00:00
698,2020-10-09 21:00:00
699,2020-10-09 22:00:00
700,2020-10-09 23:00:00
701,2020-10-10 00:00:00
702,2020-10-10 01:00:00
703,2020-10-10 02:00:00
704,2020-10-10 03:00:00
705,2020-10-10 04:00:00
706,2020-10-10 05:00:00
707,2020-10-10 06:00:00
708,2020-10-10 07:00:00
709,2020-10-10 08:00:00
710,2020-10-10 09:00:00
711,2020-10-10 10:00:00
712,2020-10-10 11:00:00
713,2020-10-10 12:00:00
714,2020-10-10 13:00:00
715,2020-10-10 14:00:00
716,2020-10-10 15:00:00
717,2020-10-10 16:00:00
718,2020-10-10 17:00:00
719,2020-10-10 18:00:00
720,2020-10-10 19:00:00
721,2020-10-10 20:00:00
722,2020-10-10 21:00:00
723,2020-10-10 22:00:00
724,2020-10-10 23:00:00
725,2020-10-11 00:00:00
726,2020-10-11 01:00:00
727,2020-10-11 02:00:00
728,2020-10-11 03:00:00
729,2020-10-11 04:00:00
730,2020-10-11 05:00:00
731,2020-10-11 06:00:00
732,2020-10-11 07:00:00
733,2020-10-11 08:00:00
734,2020-10-11 09:00:00
735,2020-10-11 10:00:00
736,2020-10-11 11:00:00
737,2020-10-11 12:00:00
738,2020-10-11 13:00:00
739,2020-10-11 14:00:00
740,2020-10-11 15:00:00
741,2020-10-11 16:00:00
742,2020-10-11 17:00:00
743,2020-10-11 18:00:00
744,2020-10-11 19:00:00
745,2020-10-11 20:00:00
746,2020-10-11 21:00:00
747,2020-10-11 22:00:00
748,2020-10-11 23:00:00
749,2020-10-12 00:00:00
750,2020-10-12 01:00:00
751,2020-10-12 02:00:00
752,2020-10-12 03:00:00
753,2020-10-12 04:00:00
754,2020-10-12 05:00:00
755,2020-10-12 06:00:00
756,2020-10-12 07:00:00
757,2020-10-12 08:00:00
758,2020-10-12 09:00:00
759,2020-10-12 10:00:00
760,2020-10-12 11:00:00
761,2020-10-12 12:00:00
762,2020-10-12 13:00:00
763,2020-10-12 14:00:00
764,2020-10-12 15:00:00
765,2020-10-12 16:00:00
766,2020-10-12 17:00:00
767,2020-10-12 18:00:00
768,2020-10-12 19:00:00
769,2020-10-12 20:00:00
770,2020-10-12 21:00:00
771,2020-10-12 22:00:00
772,2020-10-12 23:00:00
773,2020-10-13 00:00:00
774,2020-10-13 01:00:00
775,2020-10-13 02:00:00
776,2020-10-13 03:00:00
777,2020-10-13 04:00:00
778,2020-10-13 05:00:00
779,2020-10-13 06:00:00
780,2020-10-13 07:00:00
781,2020-10-13 08:00:00
782,2020-10-13 09:00:00
783,2020-10-13 10:00:00
784,2020-10-13 11:00:00
785,2020-10-13 12:00:00
786,2020-10-13 13:00:00
787,2020-10-13 14:00:00
788,2020-10-13 15:00:00
789,2020-10-13 16:00:00
790,2020-10-13 17:00:00
791,2020-10-13 18:00:00
792,2020-10-13 19:00:00
793,2020-10-13 20:00:00
794,2020-10-13 21:00:00
795,2020-10-13 22:00:00
796,2020-10-13 23:00:00
797,2020-10-14 00:00:00
798,2020-10-14 01:00:00
799,2020-10-14 02:00:00
800,2020-10-14 03:00:00
801,2020-10-14 04:00:00
802,2020-10-14 05:00:00
803,2020-10-14 06:00:00
804,2020-10-14 07:00:00
805,2020-10-14 08:00:00
806,2020-10-14 09:00:00
807,2020-10-14 10:00:00
808,2020-10-14 11:00:00
809,2020-10-14 12:00:00
810,2020-10-14 13:00:00
811,2020-10-14 14:00:00
812,2020-10-14 15:00:00
813,2020-10-14 16:00:00
814,2020-10-14 17:00:00
815,2020-10-14 18:00:00
816,2020-10-14 19:00:00
817,2020-10-14 20:00:00
818,2020-10-14 21:00:00
819,2020-10-14 22:00:00
820,2020-10-14 23:00:00
821,2020-10-15 00:00:00
822,2020-10-15 01:00:00
823,2020-10-15 02:00:00
824,2020-10-15 03:00:00
825,2020-10-15 04:00:00
826,2020-10-15 05:00:00
827,2020-10-15 06:00:00
828,2020-10-15 07:00:00
829,2020-10-15 08:00:00
830,2020-10-15 09:00:00
831,2020-10-15 10:00:00
832,2020-10-15 11:00:00
833,2020-10-15 12:00:00
834,2020-10-15 13:00:00
835,2020-10-15 14:00:00
836,2020-10-15 15:00:00
837,2020-10-15 16:00:00
838,2020-10-15 17:00:00
839,2020-10-15 18:00:00
840,2020-10-15 19:00:00
841,2020-10-15 20:00:00
842,2020-10-15 21:00:00
843,2020-10-15 22:00:00
844,2020-10-15 23:00:00
845,2020-10-16 00:00:00
846,2020-10-16 01:00:00
847,2020-10-16 02:00:00
848,2020-10-16 03:00:00
849,2020-10-16 04:00:00
850,2020-10-16 05:00:00
851,2020-10-16 06:00:00
852,2020-10-16 07:00:00
853,2020-10-16 08:00:00
854,2020-10-16 09:00:00
855,2020-10-16 10:00:00
856,2020-10-16 11:00:00
857,2020-10-16 12:00:00
858,2020-10-16 13:00:00
859,2020-10-16 14:00:00
860,2020-10-16 15:00:00
861,2020-10-16 16:00:00
862,2020-10-16 17:00:00
863,2020-10-16 18:00:00
864,2020-10-16 19:00:00
865,2020-10-16 20:00:00
866,2020-10-16 21:00:00
867,2020-10-16 22:00:00
868,2020-10-16 23:00:00
869,2020-10-17 00:00:00
870,2020-10-17 01:00:00
871,2020-10-17 02:00:00
872,2020-10-17 03:00:00
873,2020-10-17 04:00:00
874,2020-10-17 05:00:00
875,2020-10-17 06:00:00
876,2020-10-17 07:00:00
877,2020-10-17 08:00:00
878,2020-10-17 09:00:00
879,2020-10-17 10:00:00
880,2020-10-17 11:00:00
881,2020-10-17 12:00:00
882,2020-10-17 13:00:00
883,2020-10-17 14:00:00
884,2020-10-17 15:00:00
885,2020-10-17 16:00:00
886,2020-10-17 17:00:00
887,2020-10-17 18:00:00
888,2020-10-17 19:00:00
889,2020-10-17 20:00:00
890,2020-10-17 21:00:00
891,2020-10-17 22:00:00
892,2020-10-17 23:00:00
893,2020-10-18 00:00:00
894,2020-10-18 01:00:00
895,2020-10-18 02:00:00
896,2020-10-18 03:00:00
897,2020-10-18 04:00:00
898,2020-10-18 05:00:00
899,2020-10-18 06:00:00
900,2020-10-18 07:00:00
901,2020-10-18 08:00:00
902,2020-10-18 09:00:00
903,2020-10-18 10:00:00
904,2020-10-18 11:00:00
905,2020-10-18 12:00:00
906,2020-10-18 13:00:00
907,2020-10-18 14:00:00
908,2020-10-18 15:00:00
909,2020-10-18 16:00:00
910,2020-10-18 17:00:00
911,2020-10-18 18:00:00
912,2020-10-18 19:00:00
913,2020-10-18 20:00:00
914,2020-10-18 21:00:00
915,2020-10-18 22:00:00
916,2020-10-18 23:00:00
917,2020-10-19 00:00:00
918,2020-10-19 01:00:00
919,2020-10-19 02:00:00
920,2020-10-19 03:00:00
921,2020-10-19 04:00:00
922,2020-10-19 05:00:00
923,2020-10-19 06:00:00
924,2020-10-19 07:00:00
925,2020-10-19 08:00:00
