,fecha,periodo,viajes,timestamp
0,20200701,00,104.456,2020-07-01 00:00:00
1,20200701,01,62.196999999999996,2020-07-01 01:00:00
2,20200701,02,57.549,2020-07-01 02:00:00
3,20200701,03,14.410999999999998,2020-07-01 03:00:00
4,20200701,04,5.0360000000000005,2020-07-01 04:00:00
5,20200701,05,10.562999999999999,2020-07-01 05:00:00
6,20200701,06,51.76499999999999,2020-07-01 06:00:00
7,20200701,07,70.19200000000001,2020-07-01 07:00:00
8,20200701,08,35.68,2020-07-01 08:00:00
9,20200701,09,109.401,2020-07-01 09:00:00
10,20200701,10,165.605,2020-07-01 10:00:00
11,20200701,11,396.24899999999997,2020-07-01 11:00:00
12,20200701,12,430.3260000000001,2020-07-01 12:00:00
13,20200701,13,479.99899999999997,2020-07-01 13:00:00
14,20200701,14,484.4339999999999,2020-07-01 14:00:00
15,20200701,15,400.495,2020-07-01 15:00:00
16,20200701,16,339.51399999999984,2020-07-01 16:00:00
17,20200701,17,270.06699999999995,2020-07-01 17:00:00
18,20200701,18,527.0980000000001,2020-07-01 18:00:00
19,20200701,19,576.2849999999999,2020-07-01 19:00:00
20,20200701,20,682.2570000000001,2020-07-01 20:00:00
21,20200701,21,434.84,2020-07-01 21:00:00
22,20200701,22,269.306,2020-07-01 22:00:00
23,20200701,23,101.88600000000001,2020-07-01 23:00:00
24,20200702,00,96.87200000000001,2020-07-02 00:00:00
25,20200702,01,56.621,2020-07-02 01:00:00
26,20200702,02,37.569,2020-07-02 02:00:00
27,20200702,03,27.822,2020-07-02 03:00:00
28,20200702,04,35.28600000000001,2020-07-02 04:00:00
29,20200702,05,26.053,2020-07-02 05:00:00
30,20200702,06,74.233,2020-07-02 06:00:00
31,20200702,07,68.10900000000001,2020-07-02 07:00:00
32,20200702,08,71.91399999999999,2020-07-02 08:00:00
33,20200702,09,67.432,2020-07-02 09:00:00
34,20200702,10,158.588,2020-07-02 10:00:00
35,20200702,11,344.518,2020-07-02 11:00:00
36,20200702,12,465.07800000000003,2020-07-02 12:00:00
37,20200702,13,651.236,2020-07-02 13:00:00
38,20200702,14,461.04399999999987,2020-07-02 14:00:00
39,20200702,15,416.9660000000001,2020-07-02 15:00:00
40,20200702,16,252.809,2020-07-02 16:00:00
41,20200702,17,287.417,2020-07-02 17:00:00
42,20200702,18,474.697,2020-07-02 18:00:00
43,20200702,19,704.111,2020-07-02 19:00:00
44,20200702,20,563.235,2020-07-02 20:00:00
45,20200702,21,537.2259999999999,2020-07-02 21:00:00
46,20200702,22,247.922,2020-07-02 22:00:00
47,20200702,23,148.13299999999998,2020-07-02 23:00:00
48,20200703,00,62.719,2020-07-03 00:00:00
49,20200703,01,31.677,2020-07-03 01:00:00
50,20200703,02,14.105,2020-07-03 02:00:00
51,20200703,03,8.621,2020-07-03 03:00:00
52,20200703,04,6.1,2020-07-03 04:00:00
53,20200703,05,30.496999999999996,2020-07-03 05:00:00
54,20200703,06,4.439,2020-07-03 06:00:00
55,20200703,07,97.27,2020-07-03 07:00:00
56,20200703,08,76.253,2020-07-03 08:00:00
57,20200703,09,65.968,2020-07-03 09:00:00
58,20200703,10,242.58700000000007,2020-07-03 10:00:00
59,20200703,11,343.563,2020-07-03 11:00:00
60,20200703,12,376.377,2020-07-03 12:00:00
61,20200703,13,438.378,2020-07-03 13:00:00
62,20200703,14,532.0200000000001,2020-07-03 14:00:00
63,20200703,15,417.57099999999997,2020-07-03 15:00:00
64,20200703,16,274.1329999999999,2020-07-03 16:00:00
65,20200703,17,329.84299999999996,2020-07-03 17:00:00
66,20200703,18,329.1239999999999,2020-07-03 18:00:00
67,20200703,19,518.083,2020-07-03 19:00:00
68,20200703,20,426.363,2020-07-03 20:00:00
69,20200703,21,394.29099999999994,2020-07-03 21:00:00
70,20200703,22,227.975,2020-07-03 22:00:00
71,20200703,23,131.038,2020-07-03 23:00:00
72,20200704,00,131.046,2020-07-04 00:00:00
73,20200704,01,102.34799999999998,2020-07-04 01:00:00
74,20200704,02,23.847,2020-07-04 02:00:00
75,20200704,03,30.432000000000002,2020-07-04 03:00:00
76,20200704,04,64.78,2020-07-04 04:00:00
77,20200704,05,30.971,2020-07-04 05:00:00
78,20200704,06,23.743999999999996,2020-07-04 06:00:00
79,20200704,07,37.771,2020-07-04 07:00:00
80,20200704,08,36.984,2020-07-04 08:00:00
81,20200704,09,22.451999999999998,2020-07-04 09:00:00
82,20200704,10,79.75399999999999,2020-07-04 10:00:00
83,20200704,11,165.27300000000002,2020-07-04 11:00:00
84,20200704,12,263.352,2020-07-04 12:00:00
85,20200704,13,260.27200000000005,2020-07-04 13:00:00
86,20200704,14,212.82300000000004,2020-07-04 14:00:00
87,20200704,15,199.95400000000006,2020-07-04 15:00:00
88,20200704,16,142.431,2020-07-04 16:00:00
89,20200704,17,148.47799999999998,2020-07-04 17:00:00
90,20200704,18,179.05399999999997,2020-07-04 18:00:00
91,20200704,19,222.022,2020-07-04 19:00:00
92,20200704,20,292.9220000000001,2020-07-04 20:00:00
93,20200704,21,467.41,2020-07-04 21:00:00
94,20200704,22,200.97600000000003,2020-07-04 22:00:00
95,20200704,23,41.309999999999995,2020-07-04 23:00:00
96,20200705,00,235.44799999999992,2020-07-05 00:00:00
97,20200705,01,96.40100000000001,2020-07-05 01:00:00
98,20200705,02,31.258,2020-07-05 02:00:00
99,20200705,03,35.6,2020-07-05 03:00:00
100,20200705,04,14.062000000000001,2020-07-05 04:00:00
101,20200705,05,29.057000000000002,2020-07-05 05:00:00
102,20200705,06,36.977999999999994,2020-07-05 06:00:00
103,20200705,07,104.612,2020-07-05 07:00:00
104,20200705,08,38.331999999999994,2020-07-05 08:00:00
105,20200705,09,35.963,2020-07-05 09:00:00
106,20200705,10,41.445,2020-07-05 10:00:00
107,20200705,11,76.412,2020-07-05 11:00:00
108,20200705,12,131.93699999999998,2020-07-05 12:00:00
109,20200705,13,208.50300000000001,2020-07-05 13:00:00
110,20200705,14,103.638,2020-07-05 14:00:00
111,20200705,15,142.35700000000003,2020-07-05 15:00:00
112,20200705,16,135.93,2020-07-05 16:00:00
113,20200705,17,180.553,2020-07-05 17:00:00
114,20200705,18,118.21,2020-07-05 18:00:00
115,20200705,19,242.73999999999998,2020-07-05 19:00:00
116,20200705,20,193.81799999999996,2020-07-05 20:00:00
117,20200705,21,247.10500000000002,2020-07-05 21:00:00
118,20200705,22,159.095,2020-07-05 22:00:00
119,20200705,23,86.091,2020-07-05 23:00:00
120,20200706,00,45.864999999999995,2020-07-06 00:00:00
121,20200706,01,51.050000000000004,2020-07-06 01:00:00
122,20200706,02,4.285,2020-07-06 02:00:00
123,20200706,03,17.198,2020-07-06 03:00:00
124,20200706,04,12.056999999999999,2020-07-06 04:00:00
125,20200706,05,21.872000000000003,2020-07-06 05:00:00
126,20200706,06,61.23299999999999,2020-07-06 06:00:00
127,20200706,07,78.605,2020-07-06 07:00:00
128,20200706,08,51.85699999999999,2020-07-06 08:00:00
129,20200706,09,120.98599999999999,2020-07-06 09:00:00
130,20200706,10,261.476,2020-07-06 10:00:00
131,20200706,11,284.407,2020-07-06 11:00:00
132,20200706,12,473.56300000000005,2020-07-06 12:00:00
133,20200706,13,522.1619999999998,2020-07-06 13:00:00
134,20200706,14,531.5630000000002,2020-07-06 14:00:00
135,20200706,15,324.201,2020-07-06 15:00:00
136,20200706,16,169.04700000000003,2020-07-06 16:00:00
137,20200706,17,347.0199999999999,2020-07-06 17:00:00
138,20200706,18,473.787,2020-07-06 18:00:00
139,20200706,19,568.5050000000002,2020-07-06 19:00:00
140,20200706,20,511.6650000000001,2020-07-06 20:00:00
141,20200706,21,357.105,2020-07-06 21:00:00
142,20200706,22,252.882,2020-07-06 22:00:00
143,20200706,23,62.952,2020-07-06 23:00:00
144,20200707,00,60.099,2020-07-07 00:00:00
145,20200707,01,15.547,2020-07-07 01:00:00
146,20200707,02,12.097000000000001,2020-07-07 02:00:00
147,20200707,03,13.06,2020-07-07 03:00:00
148,20200707,04,30.583,2020-07-07 04:00:00
149,20200707,05,41.572,2020-07-07 05:00:00
150,20200707,06,27.564,2020-07-07 06:00:00
151,20200707,07,71.55599999999998,2020-07-07 07:00:00
152,20200707,08,55.867,2020-07-07 08:00:00
153,20200707,09,61.162,2020-07-07 09:00:00
154,20200707,10,198.682,2020-07-07 10:00:00
155,20200707,11,295.01099999999997,2020-07-07 11:00:00
156,20200707,12,400.86400000000003,2020-07-07 12:00:00
157,20200707,13,505.9719999999999,2020-07-07 13:00:00
158,20200707,14,500.5979999999999,2020-07-07 14:00:00
159,20200707,15,362.52099999999996,2020-07-07 15:00:00
160,20200707,16,280.446,2020-07-07 16:00:00
161,20200707,17,379.56300000000005,2020-07-07 17:00:00
162,20200707,18,543.6999999999999,2020-07-07 18:00:00
163,20200707,19,452.83,2020-07-07 19:00:00
164,20200707,20,507.4269999999999,2020-07-07 20:00:00
165,20200707,21,375.153,2020-07-07 21:00:00
166,20200707,22,249.99400000000003,2020-07-07 22:00:00
167,20200707,23,46.662,2020-07-07 23:00:00
168,20200708,00,57.989,2020-07-08 00:00:00
169,20200708,01,35.854,2020-07-08 01:00:00
170,20200708,02,11.774999999999999,2020-07-08 02:00:00
171,20200708,03,18.058,2020-07-08 03:00:00
172,20200708,04,15.488,2020-07-08 04:00:00
173,20200708,05,50.571000000000005,2020-07-08 05:00:00
174,20200708,06,36.524,2020-07-08 06:00:00
175,20200708,07,85.30799999999999,2020-07-08 07:00:00
176,20200708,08,86.167,2020-07-08 08:00:00
177,20200708,09,72.203,2020-07-08 09:00:00
178,20200708,10,284.65299999999996,2020-07-08 10:00:00
179,20200708,11,249.44600000000003,2020-07-08 11:00:00
180,20200708,12,309.966,2020-07-08 12:00:00
181,20200708,13,581.98,2020-07-08 13:00:00
182,20200708,14,566.2990000000002,2020-07-08 14:00:00
183,20200708,15,319.3040000000001,2020-07-08 15:00:00
184,20200708,16,288.6819999999999,2020-07-08 16:00:00
185,20200708,17,308.852,2020-07-08 17:00:00
186,20200708,18,577.393,2020-07-08 18:00:00
187,20200708,19,496.44100000000003,2020-07-08 19:00:00
188,20200708,20,637.0630000000001,2020-07-08 20:00:00
189,20200708,21,479.22200000000004,2020-07-08 21:00:00
190,20200708,22,225.22899999999996,2020-07-08 22:00:00
191,20200708,23,67.704,2020-07-08 23:00:00
192,20200709,00,63.476000000000006,2020-07-09 00:00:00
193,20200709,01,32.261,2020-07-09 01:00:00
194,20200709,02,24.358000000000004,2020-07-09 02:00:00
195,20200709,03,13.489,2020-07-09 03:00:00
196,20200709,05,26.642000000000003,2020-07-09 05:00:00
197,20200709,06,36.503,2020-07-09 06:00:00
198,20200709,07,85.83000000000001,2020-07-09 07:00:00
199,20200709,08,118.97900000000001,2020-07-09 08:00:00
200,20200709,09,91.686,2020-07-09 09:00:00
201,20200709,10,132.362,2020-07-09 10:00:00
202,20200709,11,252.97099999999998,2020-07-09 11:00:00
203,20200709,12,390.543,2020-07-09 12:00:00
204,20200709,13,526.3220000000001,2020-07-09 13:00:00
205,20200709,14,595.364,2020-07-09 14:00:00
206,20200709,15,387.841,2020-07-09 15:00:00
207,20200709,16,331.27,2020-07-09 16:00:00
208,20200709,17,377.4939999999999,2020-07-09 17:00:00
209,20200709,18,526.397,2020-07-09 18:00:00
210,20200709,19,549.9440000000001,2020-07-09 19:00:00
211,20200709,20,490.32900000000006,2020-07-09 20:00:00
212,20200709,21,374.578,2020-07-09 21:00:00
213,20200709,22,340.87699999999995,2020-07-09 22:00:00
214,20200709,23,120.75700000000002,2020-07-09 23:00:00
215,20200710,00,146.30399999999997,2020-07-10 00:00:00
216,20200710,01,64.432,2020-07-10 01:00:00
217,20200710,02,23.905,2020-07-10 02:00:00
218,20200710,03,5.921,2020-07-10 03:00:00
219,20200710,04,6.181,2020-07-10 04:00:00
220,20200710,05,33.507,2020-07-10 05:00:00
221,20200710,06,57.996,2020-07-10 06:00:00
222,20200710,07,52.71,2020-07-10 07:00:00
223,20200710,08,44.55199999999999,2020-07-10 08:00:00
224,20200710,09,100.81400000000001,2020-07-10 09:00:00
225,20200710,10,206.54500000000002,2020-07-10 10:00:00
226,20200710,11,291.38500000000005,2020-07-10 11:00:00
227,20200710,12,420.23600000000005,2020-07-10 12:00:00
228,20200710,13,593.6259999999999,2020-07-10 13:00:00
229,20200710,14,592.3580000000001,2020-07-10 14:00:00
230,20200710,15,457.61700000000013,2020-07-10 15:00:00
231,20200710,16,293.79499999999996,2020-07-10 16:00:00
232,20200710,17,253.00799999999995,2020-07-10 17:00:00
233,20200710,18,415.737,2020-07-10 18:00:00
234,20200710,19,446.36300000000006,2020-07-10 19:00:00
235,20200710,20,428.1540000000001,2020-07-10 20:00:00
236,20200710,21,323.09799999999996,2020-07-10 21:00:00
237,20200710,22,289.083,2020-07-10 22:00:00
238,20200710,23,100.36999999999999,2020-07-10 23:00:00
239,20200711,00,131.637,2020-07-11 00:00:00
240,20200711,01,116.655,2020-07-11 01:00:00
241,20200711,02,39.387,2020-07-11 02:00:00
242,20200711,03,36.232,2020-07-11 03:00:00
243,20200711,04,7.931,2020-07-11 04:00:00
244,20200711,05,25.255000000000003,2020-07-11 05:00:00
245,20200711,06,13.786000000000001,2020-07-11 06:00:00
246,20200711,07,53.072,2020-07-11 07:00:00
247,20200711,08,70.89200000000001,2020-07-11 08:00:00
248,20200711,09,43.302,2020-07-11 09:00:00
249,20200711,10,83.52399999999999,2020-07-11 10:00:00
250,20200711,11,156.768,2020-07-11 11:00:00
251,20200711,12,143.76299999999998,2020-07-11 12:00:00
252,20200711,13,273.182,2020-07-11 13:00:00
253,20200711,14,193.09,2020-07-11 14:00:00
254,20200711,15,188.5,2020-07-11 15:00:00
255,20200711,16,265.77799999999996,2020-07-11 16:00:00
256,20200711,17,149.495,2020-07-11 17:00:00
257,20200711,18,194.293,2020-07-11 18:00:00
258,20200711,19,172.134,2020-07-11 19:00:00
259,20200711,20,266.17,2020-07-11 20:00:00
260,20200711,21,293.58799999999997,2020-07-11 21:00:00
261,20200711,22,249.55799999999994,2020-07-11 22:00:00
262,20200711,23,103.14,2020-07-11 23:00:00
263,20200712,00,229.42300000000003,2020-07-12 00:00:00
264,20200712,01,109.842,2020-07-12 01:00:00
265,20200712,02,19.304000000000002,2020-07-12 02:00:00
266,20200712,03,50.66700000000001,2020-07-12 03:00:00
267,20200712,04,6.316,2020-07-12 04:00:00
268,20200712,05,22.151,2020-07-12 05:00:00
269,20200712,06,16.781000000000002,2020-07-12 06:00:00
270,20200712,07,31.144,2020-07-12 07:00:00
271,20200712,08,104.349,2020-07-12 08:00:00
272,20200712,09,20.142000000000003,2020-07-12 09:00:00
273,20200712,10,34.077,2020-07-12 10:00:00
274,20200712,11,101.158,2020-07-12 11:00:00
275,20200712,12,55.502,2020-07-12 12:00:00
276,20200712,13,102.82099999999998,2020-07-12 13:00:00
277,20200712,14,108.398,2020-07-12 14:00:00
278,20200712,15,143.843,2020-07-12 15:00:00
279,20200712,16,120.13799999999999,2020-07-12 16:00:00
280,20200712,17,117.87799999999999,2020-07-12 17:00:00
281,20200712,18,126.11099999999999,2020-07-12 18:00:00
282,20200712,19,170.02100000000002,2020-07-12 19:00:00
283,20200712,20,126.15699999999998,2020-07-12 20:00:00
284,20200712,21,133.294,2020-07-12 21:00:00
285,20200712,22,167.22799999999995,2020-07-12 22:00:00
286,20200712,23,83.87799999999999,2020-07-12 23:00:00
287,20200713,00,20.379,2020-07-13 00:00:00
288,20200713,01,26.320999999999998,2020-07-13 01:00:00
289,20200713,02,6.711,2020-07-13 02:00:00
290,20200713,03,29.213999999999995,2020-07-13 03:00:00
291,20200713,04,10.08,2020-07-13 04:00:00
292,20200713,05,23.799,2020-07-13 05:00:00
293,20200713,06,55.288,2020-07-13 06:00:00
294,20200713,07,109.61899999999999,2020-07-13 07:00:00
295,20200713,08,57.907000000000004,2020-07-13 08:00:00
296,20200713,09,117.06400000000002,2020-07-13 09:00:00
297,20200713,10,147.034,2020-07-13 10:00:00
298,20200713,11,216.60999999999996,2020-07-13 11:00:00
299,20200713,12,448.353,2020-07-13 12:00:00
300,20200713,13,511.59900000000005,2020-07-13 13:00:00
301,20200713,14,439.60200000000003,2020-07-13 14:00:00
302,20200713,15,426.2860000000001,2020-07-13 15:00:00
303,20200713,16,330.3370000000001,2020-07-13 16:00:00
304,20200713,17,318.58299999999997,2020-07-13 17:00:00
305,20200713,18,363.217,2020-07-13 18:00:00
306,20200713,19,597.71,2020-07-13 19:00:00
307,20200713,20,687.8599999999998,2020-07-13 20:00:00
308,20200713,21,447.58400000000006,2020-07-13 21:00:00
309,20200713,22,204.10600000000002,2020-07-13 22:00:00
310,20200713,23,89.252,2020-07-13 23:00:00
311,20200714,00,89.62899999999999,2020-07-14 00:00:00
312,20200714,01,21.386,2020-07-14 01:00:00
313,20200714,02,11.279,2020-07-14 02:00:00
314,20200714,03,10.462,2020-07-14 03:00:00
315,20200714,04,9.261,2020-07-14 04:00:00
316,20200714,05,26.512,2020-07-14 05:00:00
317,20200714,06,45.668,2020-07-14 06:00:00
318,20200714,07,86.39099999999999,2020-07-14 07:00:00
319,20200714,08,72.614,2020-07-14 08:00:00
320,20200714,09,66.36399999999999,2020-07-14 09:00:00
321,20200714,10,116.07,2020-07-14 10:00:00
322,20200714,11,263.10200000000003,2020-07-14 11:00:00
323,20200714,12,387.80600000000004,2020-07-14 12:00:00
324,20200714,13,579.6439999999998,2020-07-14 13:00:00
325,20200714,14,472.7709999999999,2020-07-14 14:00:00
326,20200714,15,334.418,2020-07-14 15:00:00
327,20200714,16,269.06100000000004,2020-07-14 16:00:00
328,20200714,17,322.14199999999994,2020-07-14 17:00:00
329,20200714,18,533.3,2020-07-14 18:00:00
330,20200714,19,498.62899999999996,2020-07-14 19:00:00
331,20200714,20,530.9449999999999,2020-07-14 20:00:00
332,20200714,21,348.287,2020-07-14 21:00:00
333,20200714,22,231.62400000000002,2020-07-14 22:00:00
334,20200714,23,66.102,2020-07-14 23:00:00
335,20200715,00,118.13000000000001,2020-07-15 00:00:00
336,20200715,01,85.516,2020-07-15 01:00:00
337,20200715,04,42.236,2020-07-15 04:00:00
338,20200715,05,29.618000000000002,2020-07-15 05:00:00
339,20200715,06,34.145,2020-07-15 06:00:00
340,20200715,07,50.99700000000001,2020-07-15 07:00:00
341,20200715,08,36.554,2020-07-15 08:00:00
342,20200715,09,66.22999999999999,2020-07-15 09:00:00
343,20200715,10,124.635,2020-07-15 10:00:00
344,20200715,11,314.948,2020-07-15 11:00:00
345,20200715,12,385.46599999999995,2020-07-15 12:00:00
346,20200715,13,539.613,2020-07-15 13:00:00
347,20200715,14,511.53700000000003,2020-07-15 14:00:00
348,20200715,15,430.49899999999997,2020-07-15 15:00:00
349,20200715,16,256.10600000000005,2020-07-15 16:00:00
350,20200715,17,349.37199999999996,2020-07-15 17:00:00
351,20200715,18,401.571,2020-07-15 18:00:00
352,20200715,19,526.6689999999999,2020-07-15 19:00:00
353,20200715,20,579.6929999999999,2020-07-15 20:00:00
354,20200715,21,461.759,2020-07-15 21:00:00
355,20200715,22,155.87199999999999,2020-07-15 22:00:00
356,20200715,23,99.34199999999998,2020-07-15 23:00:00
357,20200716,00,89.288,2020-07-16 00:00:00
358,20200716,01,12.422,2020-07-16 01:00:00
359,20200716,02,18.76,2020-07-16 02:00:00
360,20200716,03,5.697,2020-07-16 03:00:00
361,20200716,05,35.199,2020-07-16 05:00:00
362,20200716,06,39.105999999999995,2020-07-16 06:00:00
363,20200716,07,101.02400000000003,2020-07-16 07:00:00
364,20200716,08,57.854,2020-07-16 08:00:00
365,20200716,09,43.604,2020-07-16 09:00:00
366,20200716,10,179.639,2020-07-16 10:00:00
367,20200716,11,268.79600000000005,2020-07-16 11:00:00
368,20200716,12,453.08600000000007,2020-07-16 12:00:00
369,20200716,13,474.98499999999996,2020-07-16 13:00:00
370,20200716,14,428.68699999999995,2020-07-16 14:00:00
371,20200716,15,360.22100000000006,2020-07-16 15:00:00
372,20200716,16,200.85999999999999,2020-07-16 16:00:00
373,20200716,17,293.812,2020-07-16 17:00:00
374,20200716,18,423.4850000000001,2020-07-16 18:00:00
375,20200716,19,593.7820000000002,2020-07-16 19:00:00
376,20200716,20,507.05899999999997,2020-07-16 20:00:00
377,20200716,21,352.50699999999995,2020-07-16 21:00:00
378,20200716,22,238.39800000000002,2020-07-16 22:00:00
379,20200716,23,83.20799999999998,2020-07-16 23:00:00
380,20200717,00,138.42399999999998,2020-07-17 00:00:00
381,20200717,01,46.083,2020-07-17 01:00:00
382,20200717,02,6.78,2020-07-17 02:00:00
383,20200717,03,21.957,2020-07-17 03:00:00
384,20200717,04,27.738999999999997,2020-07-17 04:00:00
385,20200717,05,40.067,2020-07-17 05:00:00
386,20200717,06,23.219,2020-07-17 06:00:00
387,20200717,07,73.906,2020-07-17 07:00:00
388,20200717,08,34.539,2020-07-17 08:00:00
389,20200717,09,71.534,2020-07-17 09:00:00
390,20200717,10,124.02300000000001,2020-07-17 10:00:00
391,20200717,11,285.77,2020-07-17 11:00:00
392,20200717,12,317.95,2020-07-17 12:00:00
393,20200717,13,470.4219999999999,2020-07-17 13:00:00
394,20200717,14,522.8080000000001,2020-07-17 14:00:00
395,20200717,15,432.8939999999999,2020-07-17 15:00:00
396,20200717,16,242.18000000000004,2020-07-17 16:00:00
397,20200717,17,372.49,2020-07-17 17:00:00
398,20200717,18,387.798,2020-07-17 18:00:00
399,20200717,19,425.688,2020-07-17 19:00:00
400,20200717,20,394.4199999999999,2020-07-17 20:00:00
401,20200717,21,316.10600000000005,2020-07-17 21:00:00
402,20200717,22,270.017,2020-07-17 22:00:00
403,20200717,23,62.641,2020-07-17 23:00:00
404,20200718,00,99.94999999999999,2020-07-18 00:00:00
405,20200718,01,137.09600000000003,2020-07-18 01:00:00
406,20200718,02,61.573,2020-07-18 02:00:00
407,20200718,03,20.217,2020-07-18 03:00:00
408,20200718,04,48.939,2020-07-18 04:00:00
409,20200718,05,9.801,2020-07-18 05:00:00
410,20200718,06,23.509,2020-07-18 06:00:00
411,20200718,07,31.366,2020-07-18 07:00:00
412,20200718,08,27.188000000000002,2020-07-18 08:00:00
413,20200718,09,76.62300000000002,2020-07-18 09:00:00
414,20200718,10,100.32800000000002,2020-07-18 10:00:00
415,20200718,11,204.592,2020-07-18 11:00:00
416,20200718,12,190.071,2020-07-18 12:00:00
417,20200718,13,308.72399999999993,2020-07-18 13:00:00
418,20200718,14,223.201,2020-07-18 14:00:00
419,20200718,15,137.668,2020-07-18 15:00:00
420,20200718,16,182.167,2020-07-18 16:00:00
421,20200718,17,118.911,2020-07-18 17:00:00
422,20200718,18,189.52200000000002,2020-07-18 18:00:00
423,20200718,19,201.24100000000004,2020-07-18 19:00:00
424,20200718,20,242.88000000000002,2020-07-18 20:00:00
425,20200718,21,282.60499999999996,2020-07-18 21:00:00
426,20200718,22,196.49999999999997,2020-07-18 22:00:00
427,20200718,23,71.968,2020-07-18 23:00:00
428,20200719,00,164.70300000000003,2020-07-19 00:00:00
429,20200719,01,66.014,2020-07-19 01:00:00
430,20200719,02,45.194,2020-07-19 02:00:00
431,20200719,03,32.327,2020-07-19 03:00:00
432,20200719,04,29.524,2020-07-19 04:00:00
433,20200719,05,24.812,2020-07-19 05:00:00
434,20200719,06,26.045,2020-07-19 06:00:00
435,20200719,07,47.067,2020-07-19 07:00:00
436,20200719,08,14.862,2020-07-19 08:00:00
437,20200719,09,57.96,2020-07-19 09:00:00
438,20200719,10,81.983,2020-07-19 10:00:00
439,20200719,11,122.277,2020-07-19 11:00:00
440,20200719,12,84.25,2020-07-19 12:00:00
441,20200719,13,96.35,2020-07-19 13:00:00
442,20200719,14,77.63,2020-07-19 14:00:00
443,20200719,15,81.00799999999998,2020-07-19 15:00:00
444,20200719,16,142.08100000000002,2020-07-19 16:00:00
445,20200719,17,106.766,2020-07-19 17:00:00
446,20200719,18,110.54700000000001,2020-07-19 18:00:00
447,20200719,19,46.06399999999999,2020-07-19 19:00:00
448,20200719,20,132.788,2020-07-19 20:00:00
449,20200719,21,165.522,2020-07-19 21:00:00
450,20200719,22,133.826,2020-07-19 22:00:00
451,20200719,23,102.46199999999999,2020-07-19 23:00:00
452,20200720,00,73.415,2020-07-20 00:00:00
453,20200720,01,27.071,2020-07-20 01:00:00
454,20200720,02,33.243,2020-07-20 02:00:00
455,20200720,03,21.549,2020-07-20 03:00:00
456,20200720,04,18.706999999999997,2020-07-20 04:00:00
457,20200720,05,48.377,2020-07-20 05:00:00
458,20200720,06,33.953,2020-07-20 06:00:00
459,20200720,07,53.047,2020-07-20 07:00:00
460,20200720,08,69.066,2020-07-20 08:00:00
461,20200720,09,64.523,2020-07-20 09:00:00
462,20200720,10,193.59199999999996,2020-07-20 10:00:00
463,20200720,11,304.2370000000001,2020-07-20 11:00:00
464,20200720,12,488.21799999999996,2020-07-20 12:00:00
465,20200720,13,410.32,2020-07-20 13:00:00
466,20200720,14,481.54699999999997,2020-07-20 14:00:00
467,20200720,15,412.29800000000023,2020-07-20 15:00:00
468,20200720,16,337.478,2020-07-20 16:00:00
469,20200720,17,421.6250000000001,2020-07-20 17:00:00
470,20200720,18,365.00100000000003,2020-07-20 18:00:00
471,20200720,19,467.38,2020-07-20 19:00:00
472,20200720,20,629.9850000000001,2020-07-20 20:00:00
473,20200720,21,378.12600000000003,2020-07-20 21:00:00
474,20200720,22,202.18499999999995,2020-07-20 22:00:00
475,20200720,23,35.605,2020-07-20 23:00:00
476,20200721,00,64.936,2020-07-21 00:00:00
477,20200721,01,16.224,2020-07-21 01:00:00
478,20200721,02,17.17,2020-07-21 02:00:00
479,20200721,03,6.379,2020-07-21 03:00:00
480,20200721,04,22.325000000000003,2020-07-21 04:00:00
481,20200721,05,31.613999999999997,2020-07-21 05:00:00
482,20200721,06,42.231,2020-07-21 06:00:00
483,20200721,07,63.855999999999995,2020-07-21 07:00:00
484,20200721,08,42.994,2020-07-21 08:00:00
485,20200721,09,80.18299999999998,2020-07-21 09:00:00
486,20200721,10,161.005,2020-07-21 10:00:00
487,20200721,11,242.05100000000002,2020-07-21 11:00:00
488,20200721,12,458.973,2020-07-21 12:00:00
489,20200721,13,587.681,2020-07-21 13:00:00
490,20200721,14,502.44499999999994,2020-07-21 14:00:00
491,20200721,15,349.0210000000001,2020-07-21 15:00:00
492,20200721,16,310.959,2020-07-21 16:00:00
493,20200721,17,365.013,2020-07-21 17:00:00
494,20200721,18,388.67100000000005,2020-07-21 18:00:00
495,20200721,19,454.39400000000006,2020-07-21 19:00:00
496,20200721,20,504.1650000000001,2020-07-21 20:00:00
497,20200721,21,334.66700000000003,2020-07-21 21:00:00
498,20200721,22,193.216,2020-07-21 22:00:00
499,20200721,23,56.174,2020-07-21 23:00:00
500,20200722,00,89.26500000000001,2020-07-22 00:00:00
501,20200722,01,14.391,2020-07-22 01:00:00
502,20200722,02,21.194,2020-07-22 02:00:00
503,20200722,03,32.568,2020-07-22 03:00:00
504,20200722,04,14.104000000000001,2020-07-22 04:00:00
505,20200722,05,57.348,2020-07-22 05:00:00
506,20200722,06,26.602000000000004,2020-07-22 06:00:00
507,20200722,07,46.619,2020-07-22 07:00:00
508,20200722,08,72.692,2020-07-22 08:00:00
509,20200722,09,74.44200000000001,2020-07-22 09:00:00
510,20200722,10,149.14000000000004,2020-07-22 10:00:00
511,20200722,11,225.03900000000002,2020-07-22 11:00:00
512,20200722,12,502.00999999999993,2020-07-22 12:00:00
513,20200722,13,453.3949999999998,2020-07-22 13:00:00
514,20200722,14,405.79599999999994,2020-07-22 14:00:00
515,20200722,15,264.507,2020-07-22 15:00:00
516,20200722,16,242.959,2020-07-22 16:00:00
517,20200722,17,221.157,2020-07-22 17:00:00
518,20200722,18,438.05300000000005,2020-07-22 18:00:00
519,20200722,19,456.148,2020-07-22 19:00:00
520,20200722,20,416.8679999999999,2020-07-22 20:00:00
521,20200722,21,348.438,2020-07-22 21:00:00
522,20200722,22,196.73,2020-07-22 22:00:00
523,20200722,23,108.436,2020-07-22 23:00:00
524,20200723,00,89.34700000000001,2020-07-23 00:00:00
525,20200723,01,23.448,2020-07-23 01:00:00
526,20200723,03,11.530000000000001,2020-07-23 03:00:00
527,20200723,04,16.043,2020-07-23 04:00:00
528,20200723,05,26.439,2020-07-23 05:00:00
529,20200723,06,40.434,2020-07-23 06:00:00
530,20200723,07,63.743,2020-07-23 07:00:00
531,20200723,08,50.12,2020-07-23 08:00:00
532,20200723,09,107.61800000000002,2020-07-23 09:00:00
533,20200723,10,107.87799999999999,2020-07-23 10:00:00
534,20200723,11,228.01099999999994,2020-07-23 11:00:00
535,20200723,12,314.061,2020-07-23 12:00:00
536,20200723,13,488.1829999999999,2020-07-23 13:00:00
537,20200723,14,416.6110000000001,2020-07-23 14:00:00
538,20200723,15,428.4989999999999,2020-07-23 15:00:00
539,20200723,16,207.499,2020-07-23 16:00:00
540,20200723,17,360.022,2020-07-23 17:00:00
541,20200723,18,444.73699999999997,2020-07-23 18:00:00
542,20200723,19,498.9089999999999,2020-07-23 19:00:00
543,20200723,20,452.6689999999999,2020-07-23 20:00:00
544,20200723,21,353.458,2020-07-23 21:00:00
545,20200723,22,234.49600000000007,2020-07-23 22:00:00
546,20200723,23,101.335,2020-07-23 23:00:00
547,20200724,00,104.58700000000002,2020-07-24 00:00:00
548,20200724,01,60.103,2020-07-24 01:00:00
549,20200724,02,21.91,2020-07-24 02:00:00
550,20200724,03,22.470999999999997,2020-07-24 03:00:00
551,20200724,04,11.425999999999998,2020-07-24 04:00:00
552,20200724,05,73.932,2020-07-24 05:00:00
553,20200724,06,42.103,2020-07-24 06:00:00
554,20200724,07,63.519999999999996,2020-07-24 07:00:00
555,20200724,08,52.396,2020-07-24 08:00:00
556,20200724,09,82.953,2020-07-24 09:00:00
557,20200724,10,162.418,2020-07-24 10:00:00
558,20200724,11,203.90399999999997,2020-07-24 11:00:00
559,20200724,12,353.76700000000005,2020-07-24 12:00:00
560,20200724,13,424.49199999999996,2020-07-24 13:00:00
561,20200724,14,505.79700000000014,2020-07-24 14:00:00
562,20200724,15,301.11000000000007,2020-07-24 15:00:00
563,20200724,16,251.77,2020-07-24 16:00:00
564,20200724,17,285.436,2020-07-24 17:00:00
565,20200724,18,379.76000000000005,2020-07-24 18:00:00
566,20200724,19,289.55699999999996,2020-07-24 19:00:00
567,20200724,20,300.523,2020-07-24 20:00:00
568,20200724,21,339.44100000000003,2020-07-24 21:00:00
569,20200724,22,177.83999999999997,2020-07-24 22:00:00
570,20200724,23,39.458999999999996,2020-07-24 23:00:00
571,20200725,00,168.088,2020-07-25 00:00:00
572,20200725,01,81.617,2020-07-25 01:00:00
573,20200725,02,32.15,2020-07-25 02:00:00
574,20200725,03,11.995999999999999,2020-07-25 03:00:00
575,20200725,04,14.597999999999999,2020-07-25 04:00:00
576,20200725,05,13.85,2020-07-25 05:00:00
577,20200725,06,31.074,2020-07-25 06:00:00
578,20200725,07,22.343,2020-07-25 07:00:00
579,20200725,08,6.665,2020-07-25 08:00:00
580,20200725,09,38.09,2020-07-25 09:00:00
581,20200725,10,65.74600000000001,2020-07-25 10:00:00
582,20200725,11,171.07999999999998,2020-07-25 11:00:00
583,20200725,12,179.60500000000002,2020-07-25 12:00:00
584,20200725,13,240.309,2020-07-25 13:00:00
585,20200725,14,199.755,2020-07-25 14:00:00
586,20200725,15,172.06600000000003,2020-07-25 15:00:00
587,20200725,16,157.22,2020-07-25 16:00:00
588,20200725,17,108.32300000000001,2020-07-25 17:00:00
589,20200725,18,194.22600000000003,2020-07-25 18:00:00
590,20200725,19,177.45200000000003,2020-07-25 19:00:00
591,20200725,20,246.766,2020-07-25 20:00:00
592,20200725,21,194.055,2020-07-25 21:00:00
593,20200725,22,170.332,2020-07-25 22:00:00
594,20200725,23,61.339999999999996,2020-07-25 23:00:00
595,20200726,00,193.806,2020-07-26 00:00:00
596,20200726,01,85.264,2020-07-26 01:00:00
597,20200726,02,38.172,2020-07-26 02:00:00
598,20200726,03,29.124000000000002,2020-07-26 03:00:00
599,20200726,04,20.71,2020-07-26 04:00:00
600,20200726,06,16.793,2020-07-26 06:00:00
601,20200726,07,16.386,2020-07-26 07:00:00
602,20200726,08,31.105,2020-07-26 08:00:00
603,20200726,09,37.853,2020-07-26 09:00:00
604,20200726,10,12.406,2020-07-26 10:00:00
605,20200726,11,57.64500000000001,2020-07-26 11:00:00
606,20200726,12,111.00399999999999,2020-07-26 12:00:00
607,20200726,13,84.517,2020-07-26 13:00:00
608,20200726,14,86.77,2020-07-26 14:00:00
609,20200726,15,100.411,2020-07-26 15:00:00
610,20200726,16,132.676,2020-07-26 16:00:00
611,20200726,17,45.196,2020-07-26 17:00:00
612,20200726,18,159.905,2020-07-26 18:00:00
613,20200726,19,89.235,2020-07-26 19:00:00
614,20200726,20,144.194,2020-07-26 20:00:00
615,20200726,21,117.93099999999998,2020-07-26 21:00:00
616,20200726,22,87.492,2020-07-26 22:00:00
617,20200726,23,53.53,2020-07-26 23:00:00
618,20200727,00,100.74199999999999,2020-07-27 00:00:00
619,20200727,01,7.235,2020-07-27 01:00:00
620,20200727,03,5.539,2020-07-27 03:00:00
621,20200727,04,20.055999999999997,2020-07-27 04:00:00
622,20200727,05,25.186,2020-07-27 05:00:00
623,20200727,06,54.989999999999995,2020-07-27 06:00:00
624,20200727,07,123.35700000000001,2020-07-27 07:00:00
625,20200727,08,37.08,2020-07-27 08:00:00
626,20200727,09,72.815,2020-07-27 09:00:00
627,20200727,10,210.47800000000004,2020-07-27 10:00:00
628,20200727,11,247.0320000000001,2020-07-27 11:00:00
629,20200727,12,273.04800000000006,2020-07-27 12:00:00
630,20200727,13,525.689,2020-07-27 13:00:00
631,20200727,14,545.5020000000001,2020-07-27 14:00:00
632,20200727,15,355.99899999999997,2020-07-27 15:00:00
633,20200727,16,238.23300000000003,2020-07-27 16:00:00
634,20200727,17,336.36499999999995,2020-07-27 17:00:00
635,20200727,18,503.18099999999987,2020-07-27 18:00:00
636,20200727,19,615.37,2020-07-27 19:00:00
637,20200727,20,491.3750000000001,2020-07-27 20:00:00
638,20200727,21,425.0469999999999,2020-07-27 21:00:00
639,20200727,22,213.94800000000004,2020-07-27 22:00:00
640,20200727,23,116.44200000000001,2020-07-27 23:00:00
641,20200728,00,33.432,2020-07-28 00:00:00
642,20200728,01,22.791000000000004,2020-07-28 01:00:00
643,20200728,02,14.545,2020-07-28 02:00:00
644,20200728,03,11.8,2020-07-28 03:00:00
645,20200728,04,12.392000000000001,2020-07-28 04:00:00
646,20200728,05,15.985,2020-07-28 05:00:00
647,20200728,06,51.039,2020-07-28 06:00:00
648,20200728,07,54.811,2020-07-28 07:00:00
649,20200728,08,83.55700000000002,2020-07-28 08:00:00
650,20200728,09,77.544,2020-07-28 09:00:00
651,20200728,10,163.692,2020-07-28 10:00:00
652,20200728,11,303.292,2020-07-28 11:00:00
653,20200728,12,461.10699999999986,2020-07-28 12:00:00
654,20200728,13,448.22499999999997,2020-07-28 13:00:00
655,20200728,14,476.58200000000005,2020-07-28 14:00:00
656,20200728,15,362.65200000000004,2020-07-28 15:00:00
657,20200728,16,269.293,2020-07-28 16:00:00
658,20200728,17,251.51099999999997,2020-07-28 17:00:00
659,20200728,18,383.38499999999993,2020-07-28 18:00:00
660,20200728,19,376.457,2020-07-28 19:00:00
661,20200728,20,435.89700000000005,2020-07-28 20:00:00
662,20200728,21,428.241,2020-07-28 21:00:00
663,20200728,22,220.241,2020-07-28 22:00:00
664,20200728,23,59.34900000000001,2020-07-28 23:00:00
665,20200729,00,53.29399999999999,2020-07-29 00:00:00
666,20200729,01,18.344,2020-07-29 01:00:00
667,20200729,02,11.184999999999999,2020-07-29 02:00:00
668,20200729,03,15.027,2020-07-29 03:00:00
669,20200729,04,22.27,2020-07-29 04:00:00
670,20200729,05,32.81,2020-07-29 05:00:00
671,20200729,06,44.964,2020-07-29 06:00:00
672,20200729,07,62.86,2020-07-29 07:00:00
673,20200729,08,99.522,2020-07-29 08:00:00
674,20200729,09,75.12100000000001,2020-07-29 09:00:00
675,20200729,10,182.71200000000005,2020-07-29 10:00:00
676,20200729,11,189.03799999999998,2020-07-29 11:00:00
677,20200729,12,357.00200000000007,2020-07-29 12:00:00
678,20200729,13,543.5029999999999,2020-07-29 13:00:00
679,20200729,14,434.91200000000003,2020-07-29 14:00:00
680,20200729,15,284.85599999999994,2020-07-29 15:00:00
681,20200729,16,283.1689999999999,2020-07-29 16:00:00
682,20200729,17,296.6789999999999,2020-07-29 17:00:00
683,20200729,18,453.83900000000006,2020-07-29 18:00:00
684,20200729,19,322.6380000000001,2020-07-29 19:00:00
685,20200729,20,493.587,2020-07-29 20:00:00
686,20200729,21,451.3340000000001,2020-07-29 21:00:00
687,20200729,22,125.30199999999999,2020-07-29 22:00:00
688,20200729,23,85.45,2020-07-29 23:00:00
689,20200730,00,81.303,2020-07-30 00:00:00
690,20200730,01,26.821,2020-07-30 01:00:00
691,20200730,02,6.289,2020-07-30 02:00:00
692,20200730,03,21.375,2020-07-30 03:00:00
693,20200730,04,9.850999999999999,2020-07-30 04:00:00
694,20200730,05,35.842999999999996,2020-07-30 05:00:00
695,20200730,06,91.731,2020-07-30 06:00:00
696,20200730,07,52.418,2020-07-30 07:00:00
697,20200730,08,28.018,2020-07-30 08:00:00
698,20200730,09,105.42300000000002,2020-07-30 09:00:00
699,20200730,10,121.31,2020-07-30 10:00:00
700,20200730,11,380.582,2020-07-30 11:00:00
701,20200730,12,397.3700000000001,2020-07-30 12:00:00
702,20200730,13,507.3930000000002,2020-07-30 13:00:00
703,20200730,14,501.0170000000001,2020-07-30 14:00:00
704,20200730,15,386.579,2020-07-30 15:00:00
705,20200730,16,305.31399999999996,2020-07-30 16:00:00
706,20200730,17,305.095,2020-07-30 17:00:00
707,20200730,18,401.5459999999999,2020-07-30 18:00:00
708,20200730,19,354.2099999999999,2020-07-30 19:00:00
709,20200730,20,464.7030000000001,2020-07-30 20:00:00
710,20200730,21,277.543,2020-07-30 21:00:00
711,20200730,22,242.84699999999998,2020-07-30 22:00:00
712,20200730,23,89.717,2020-07-30 23:00:00
713,20200731,00,46.17999999999999,2020-07-31 00:00:00
714,20200731,01,25.193,2020-07-31 01:00:00
715,20200731,02,10.937999999999999,2020-07-31 02:00:00
716,20200731,03,12.134,2020-07-31 03:00:00
717,20200731,04,11.375,2020-07-31 04:00:00
718,20200731,05,21.770999999999997,2020-07-31 05:00:00
719,20200731,06,28.212000000000003,2020-07-31 06:00:00
720,20200731,07,73.78,2020-07-31 07:00:00
721,20200731,08,92.501,2020-07-31 08:00:00
722,20200731,09,122.58399999999999,2020-07-31 09:00:00
723,20200731,10,167.30599999999998,2020-07-31 10:00:00
724,20200731,11,292.011,2020-07-31 11:00:00
725,20200731,12,420.5250000000001,2020-07-31 12:00:00
726,20200731,13,455.28,2020-07-31 13:00:00
727,20200731,14,430.6290000000001,2020-07-31 14:00:00
728,20200731,15,356.785,2020-07-31 15:00:00
729,20200731,16,306.14200000000005,2020-07-31 16:00:00
730,20200731,17,257.55400000000003,2020-07-31 17:00:00
731,20200731,18,296.0570000000001,2020-07-31 18:00:00
732,20200731,19,344.78,2020-07-31 19:00:00
733,20200731,20,334.8220000000001,2020-07-31 20:00:00
734,20200731,21,378.23800000000006,2020-07-31 21:00:00
735,20200731,22,159.74699999999999,2020-07-31 22:00:00
736,20200731,23,34.466,2020-07-31 23:00:00
